Date,Price,Open,High,Low,Vol.,Change %
22-Nov-16,47.88,48.66,49.2,47.19,-,0.82%
21-Nov-16,47.49,45.83,47.8,45.77,-,3.94%
18-Nov-16,45.69,44.93,45.77,44.55,155.65K,0.59%
17-Nov-16,45.42,45.37,46.58,44.88,284.87K,-0.33%
16-Nov-16,45.57,45.77,46.41,45.03,658.17K,-0.52%
15-Nov-16,45.81,43.76,46.09,43.55,706.18K,5.75%
14-Nov-16,43.32,43.2,43.81,42.2,704.77K,-0.21%
11-Nov-16,43.41,44.35,44.63,43.03,631.14K,-2.80%
10-Nov-16,44.66,45.31,45.64,44.25,686.34K,-1.35%
9-Nov-16,45.27,44.82,45.95,43.07,946.51K,0.64%
8-Nov-16,44.98,44.97,45.39,44.41,669.64K,0.20%
7-Nov-16,44.89,44.45,45.01,44.11,605.73K,1.86%
4-Nov-16,44.07,44.63,44.87,43.57,736.69K,-1.32%
3-Nov-16,44.66,45.48,45.9,44.37,540.44K,-1.50%
2-Nov-16,45.34,46.32,46.47,44.96,674.32K,-2.85%
1-Nov-16,46.67,46.77,47.35,46.2,834.99K,-0.41%
31-Oct-16,46.86,48.25,48.74,46.63,649.24K,-3.78%
28-Oct-16,48.7,49.61,49.81,48.42,550.08K,-2.05%
27-Oct-16,49.72,49.22,50.06,49,543.17K,1.10%
26-Oct-16,49.18,49.31,50.1,48.87,679.32K,-1.56%
25-Oct-16,49.96,50.49,50.93,49.27,553.78K,-1.11%
24-Oct-16,50.52,50.85,50.98,49.62,623.40K,-0.65%
21-Oct-16,50.85,50.66,51.02,50.21,551.30K,0.83%
20-Oct-16,50.43,51.4,51.58,50.25,24.86K,-2.27%
19-Oct-16,51.6,50.77,51.93,50.69,132.43K,2.60%
18-Oct-16,50.29,50.04,50.78,49.76,192.80K,0.70%
17-Oct-16,49.94,50.23,50.58,49.47,418.72K,-0.81%
14-Oct-16,50.35,50.58,51.14,49.9,519.43K,-0.18%
13-Oct-16,50.44,50,50.59,49.36,740.68K,0.52%
12-Oct-16,50.18,50.84,51.17,49.89,533.88K,-1.20%
11-Oct-16,50.79,51.1,51.54,50.39,765.61K,-1.09%
10-Oct-16,51.35,49.57,51.6,49.15,686.07K,3.09%
7-Oct-16,49.81,50.59,50.74,49.4,618.81K,-1.25%
6-Oct-16,50.44,49.65,50.63,49.33,547.92K,1.22%
5-Oct-16,49.83,49.26,49.97,49.1,520.07K,2.34%
4-Oct-16,48.69,48.65,49.26,48.26,513.71K,-0.25%
3-Oct-16,48.81,48.04,49.02,47.78,458.02K,1.18%
30-Sep-16,48.24,47.76,48.3,47.04,496.52K,0.86%
29-Sep-16,47.83,47.2,48.32,46.6,702.65K,1.66%
28-Sep-16,47.05,44.96,47.45,44.35,1.01M,5.33%
27-Sep-16,44.67,45.62,45.96,44.19,630.76K,-2.74%
26-Sep-16,45.93,44.62,46.2,44.43,527.12K,3.26%
23-Sep-16,44.48,46.07,46.55,44.22,718.40K,-3.97%
22-Sep-16,46.32,45.62,46.52,45.52,521.68K,2.16%
21-Sep-16,45.34,44.5,45.65,44.5,585.99K,4.37%
20-Sep-16,43.44,43.13,44.05,42.55,37.38K,0.32%
19-Sep-16,43.3,43.18,44.15,43.12,129.86K,0.63%
16-Sep-16,43.03,43.71,43.75,42.74,231.19K,-2.00%
15-Sep-16,43.91,43.7,44.34,43.26,537.19K,0.76%
14-Sep-16,43.58,45,45.33,43.42,705.86K,-2.94%
13-Sep-16,44.9,46.06,46.13,44.77,657.78K,-3.00%
12-Sep-16,46.29,45.57,46.51,44.72,745.02K,0.89%
9-Sep-16,45.88,47.36,47.36,45.56,688.19K,-3.65%
8-Sep-16,47.62,46.12,47.75,45.77,761.94K,4.66%
7-Sep-16,45.5,44.85,46.17,44.55,572.88K,1.49%
6-Sep-16,44.83,44.15,46.53,43.84,932.15K,-0.53%
5-Sep-16,45.07,44.12,46.53,44.07,-,2.18%
4-Sep-16,44.11,44.15,44.38,44.1,-,-0.74%
2-Sep-16,44.44,43.55,44.67,43.16,576.92K,2.97%
1-Sep-16,43.16,44.85,45.08,43,605.00K,-3.45%
31-Aug-16,44.7,46.24,46.41,44.51,549.01K,-3.56%
30-Aug-16,46.35,46.98,47.49,46.21,464.45K,-1.34%
29-Aug-16,46.98,47.22,47.28,46.62,309.25K,-1.39%
26-Aug-16,47.64,47.37,48.46,46.94,558.34K,0.65%
25-Aug-16,47.33,46.8,47.46,46.42,458.82K,1.20%
24-Aug-16,46.77,47.59,47.74,46.45,603.50K,-2.77%
23-Aug-16,48.1,47.39,48.32,46.59,623.90K,2.23%
22-Aug-16,47.05,48.4,48.4,46.75,36.53K,-3.03%
19-Aug-16,48.52,48.33,48.75,47.93,162.44K,0.62%
18-Aug-16,48.22,46.9,48.38,46.63,229.28K,3.06%
17-Aug-16,46.79,46.37,46.95,45.84,563.35K,0.45%
16-Aug-16,46.58,45.59,46.73,45.34,550.44K,1.84%
15-Aug-16,45.74,44.74,45.93,44.38,522.53K,2.81%
12-Aug-16,44.49,43.46,44.78,43.31,536.08K,2.30%
11-Aug-16,43.49,41.48,43.86,41.1,682.24K,4.27%
10-Aug-16,41.71,42.74,43.39,41.42,676.15K,-2.48%
9-Aug-16,42.77,42.83,43.52,42.47,624.70K,-0.58%
8-Aug-16,43.02,41.99,43.39,41.81,562.53K,2.92%
5-Aug-16,41.8,41.84,42.1,41.06,550.19K,-0.31%
4-Aug-16,41.93,41.16,42.08,40.43,598.84K,2.69%
3-Aug-16,40.83,39.7,41.2,39.19,655.19K,3.34%
2-Aug-16,39.51,40.08,40.91,39.26,534.51K,-1.37%
1-Aug-16,40.06,41.35,41.88,39.82,533.02K,-3.70%
29-Jul-16,41.6,41.12,41.67,40.57,478.76K,1.12%
28-Jul-16,41.14,41.93,42.22,41.04,447.91K,-1.86%
27-Jul-16,41.92,42.66,43.2,41.68,537.39K,-2.33%
26-Jul-16,42.92,43.07,43.39,42.36,461.32K,-0.49%
25-Jul-16,43.13,44.2,44.37,42.97,389.84K,-2.40%
22-Jul-16,44.19,44.6,44.97,43.74,428.41K,-1.25%
21-Jul-16,44.75,45.65,46.09,44.52,432.97K,-0.42%
20-Jul-16,44.94,44.59,45.25,43.69,29.39K,0.65%
19-Jul-16,44.65,45.23,45.67,44.53,128.13K,-1.30%
18-Jul-16,45.24,46.12,46.14,44.86,211.39K,-1.55%
15-Jul-16,45.95,45.52,46.33,45.05,430.26K,0.59%
14-Jul-16,45.68,45.14,45.8,44.95,573.76K,2.08%
13-Jul-16,44.75,46.58,46.71,44.56,686.25K,-4.38%
12-Jul-16,46.8,44.58,46.93,44.51,658.26K,4.56%
11-Jul-16,44.76,45.07,45.77,44.42,533.66K,-1.43%
8-Jul-16,45.41,45.19,45.97,44.77,583.08K,0.60%
7-Jul-16,45.14,47.88,48.25,44.87,710.89K,-4.83%
6-Jul-16,47.43,46.83,47.95,45.92,607.66K,1.78%
5-Jul-16,46.6,49.11,49.35,46.33,609.19K,-4.21%
4-Jul-16,48.65,49.01,49.35,48.54,-,-0.73%
3-Jul-16,49.01,49.14,49.22,48.94,-,0.04%
1-Jul-16,48.99,48.38,49.3,47.9,405.19K,1.37%
30-Jun-16,48.33,49.55,49.62,48.17,508.74K,-3.11%
29-Jun-16,49.88,48.06,50,47.98,511.48K,4.24%
28-Jun-16,47.85,46.59,48.18,46.54,498.85K,3.28%
27-Jun-16,46.33,47.81,47.96,45.83,504.61K,-2.75%
24-Jun-16,47.64,50.3,50.45,46.7,649.45K,-4.93%
23-Jun-16,50.11,49.08,50.23,49.08,401.89K,1.99%
22-Jun-16,49.13,50.22,50.54,48.4,569.94K,0.57%
21-Jun-16,48.85,49.14,49.32,48.16,30.11K,-1.05%
20-Jun-16,49.37,48.29,49.42,48.14,98.29K,2.90%
17-Jun-16,47.98,45.99,48.29,45.83,226.65K,3.83%
16-Jun-16,46.21,47.45,47.75,45.91,507.91K,-3.75%
15-Jun-16,48.01,47.9,48.72,47.28,527.87K,-0.99%
14-Jun-16,48.49,48.52,48.69,47.84,456.14K,-0.80%
13-Jun-16,48.88,48.85,49.28,48.16,506.04K,-0.39%
10-Jun-16,49.07,50.47,50.73,48.8,596.12K,-2.95%
9-Jun-16,50.56,51.45,51.67,50.23,560.72K,-1.31%
8-Jun-16,51.23,50.41,51.62,50.32,656.42K,1.73%
7-Jun-16,50.36,49.71,50.53,49.44,542.25K,1.35%
6-Jun-16,49.69,48.88,49.9,48.71,450.47K,2.20%
3-Jun-16,48.62,49.04,49.41,48.33,481.03K,-1.12%
2-Jun-16,49.17,48.9,49.47,47.97,564.85K,0.33%
1-Jun-16,49.01,48.82,49.25,47.75,568.84K,-0.18%
31-May-16,49.1,49.54,50.1,48.81,476.99K,-0.83%
30-May-16,49.51,49.56,49.75,49.08,-,-0.14%
29-May-16,49.58,49.54,49.71,49.54,-,0.51%
27-May-16,49.33,49.31,49.6,48.69,406.39K,-0.30%
26-May-16,49.48,49.7,50.21,49.22,488.47K,-0.16%
25-May-16,49.56,49.09,49.75,48.65,550.50K,1.93%
24-May-16,48.62,48.08,49.27,47.64,475.97K,1.12%
23-May-16,48.08,48.46,48.5,47.4,475.45K,0.69%
20-May-16,47.75,48.2,48.79,47.44,28.52K,-0.85%
19-May-16,48.16,47.87,48.28,46.73,108.82K,-0.06%
18-May-16,48.19,48.53,48.95,47.75,343.18K,-0.25%
17-May-16,48.31,47.9,48.76,47.53,470.44K,1.24%
16-May-16,47.72,46.28,47.98,46.15,550.86K,3.27%
13-May-16,46.21,46.41,46.49,45.75,519.36K,-1.05%
12-May-16,46.7,46,47.02,45.61,715.10K,1.02%
11-May-16,46.23,44.6,46.36,43.96,869.96K,3.52%
10-May-16,44.66,43.25,44.79,43.03,709.42K,2.81%
9-May-16,43.44,45,45.94,43.24,767.57K,-2.73%
6-May-16,44.66,44.52,45.34,43.54,695.31K,0.77%
5-May-16,44.32,44.04,46.07,43.96,746.16K,1.23%
4-May-16,43.78,43.85,44.88,43.22,711.13K,0.30%
3-May-16,43.65,44.92,45.35,43.32,625.55K,-2.52%
2-May-16,44.78,45.9,46.15,44.54,464.03K,-2.48%
29-Apr-16,45.92,45.9,46.78,45.24,598.44K,-0.24%
28-Apr-16,46.03,45.3,46.14,44.94,487.41K,1.54%
27-Apr-16,45.33,44.64,45.62,43.77,648.03K,2.93%
26-Apr-16,44.04,42.96,44.83,42.5,564.39K,3.28%
25-Apr-16,42.64,43.75,44.04,42.58,606.38K,-2.49%
22-Apr-16,43.73,43.42,44.45,43.11,575.11K,1.27%
21-Apr-16,43.18,43.97,44.49,43.05,671.10K,1.29%
20-Apr-16,42.63,40.8,42.91,39.85,30.09K,3.77%
19-Apr-16,41.08,40.04,41.53,39.58,101.73K,3.27%
18-Apr-16,39.78,38.75,40.24,37.61,342.46K,-1.44%
15-Apr-16,40.36,41.43,41.73,39.98,520.15K,-2.75%
14-Apr-16,41.5,41.54,42.16,40.84,488.61K,-0.62%
13-Apr-16,41.76,41.63,42.42,41.24,730.44K,-0.97%
12-Apr-16,42.17,40.35,42.25,40.09,796.84K,4.48%
11-Apr-16,40.36,39.72,40.75,39.25,679.35K,1.61%
8-Apr-16,39.72,37.52,39.84,37.45,817.23K,6.60%
7-Apr-16,37.26,37.76,38.3,36.69,626.75K,-1.30%
6-Apr-16,37.75,36.52,37.9,36.43,751.05K,5.18%
5-Apr-16,35.89,35.5,36.58,35.24,485.54K,0.53%
4-Apr-16,35.7,36.61,37.21,35.46,549.48K,-2.96%
1-Apr-16,36.79,38.14,38.56,36.63,547.19K,-4.04%
31-Mar-16,38.34,38.3,39.04,37.57,532.15K,0.05%
30-Mar-16,38.32,38.52,39.85,38.14,542.47K,0.10%
29-Mar-16,38.28,39.32,39.48,37.91,488.03K,-2.82%
28-Mar-16,39.39,39.55,40.14,38.86,299.78K,-0.18%
24-Mar-16,39.46,39.73,39.77,38.33,495.17K,-0.83%
23-Mar-16,39.79,41.19,41.34,39.67,492.00K,-4.00%
22-Mar-16,41.45,41.59,41.9,40.77,463.69K,3.86%
21-Mar-16,39.91,39.06,40.3,38.61,31.92K,1.19%
18-Mar-16,39.44,40.25,41.2,39.15,130.15K,-1.89%
17-Mar-16,40.2,38.59,40.36,38.47,298.01K,4.52%
16-Mar-16,38.46,36.74,38.63,36.61,494.17K,5.83%
15-Mar-16,36.34,37.37,37.4,35.96,446.10K,-2.26%
14-Mar-16,37.18,38.17,38.77,36.68,489.94K,-3.43%
11-Mar-16,38.5,37.99,39.02,37.92,564.79K,1.74%
10-Mar-16,37.84,38.17,38.48,37.21,701.44K,-1.18%
9-Mar-16,38.29,36.36,38.51,36.24,740.63K,4.90%
8-Mar-16,36.5,37.94,38.39,36.12,706.93K,-3.69%
7-Mar-16,37.9,36.2,38.11,36.09,709.87K,5.51%
4-Mar-16,35.92,34.66,36.34,34.4,578.29K,3.91%
3-Mar-16,34.57,34.73,35.32,34.19,512.96K,-0.26%
2-Mar-16,34.66,33.89,35.17,33.55,597.83K,0.76%
1-Mar-16,34.4,33.9,34.76,33.37,566.23K,1.93%
29-Feb-16,33.75,32.72,33.98,32.32,512.47K,2.96%
26-Feb-16,32.78,33.04,34.69,32.64,646.29K,-0.88%
25-Feb-16,33.07,32.19,33.49,31.07,611.87K,2.86%
24-Feb-16,32.15,31.28,32.4,30.56,652.25K,0.88%
23-Feb-16,31.87,33.34,33.53,31.22,539.38K,1.24%
22-Feb-16,31.48,29.72,32.05,29.48,26.32K,6.21%
19-Feb-16,29.64,30.6,30.73,29.05,103.20K,-3.67%
18-Feb-16,30.77,31.35,31.98,30.27,225.50K,0.36%
17-Feb-16,30.66,29.14,31.49,28.73,578.64K,5.58%
16-Feb-16,29.04,29.08,31.53,28.7,651.96K,-5.11%
15-Feb-16,30.6,29.08,30.69,28.97,-,5.26%
14-Feb-16,29.08,29.06,29.18,28.97,-,-1.24%
12-Feb-16,29.44,27.3,29.66,26.95,675.16K,12.32%
11-Feb-16,26.21,27.34,27.48,26.05,795.97K,-4.52%
10-Feb-16,27.45,28.36,29.22,27.24,781.28K,-1.75%
9-Feb-16,27.94,30.17,30.61,27.74,738.22K,-5.89%
8-Feb-16,29.69,30.97,31.38,29.57,603.65K,-3.88%
5-Feb-16,30.89,31.64,32.45,30.63,616.53K,-2.62%
4-Feb-16,31.72,32.71,33.6,31.53,696.72K,-1.73%
3-Feb-16,32.28,29.75,32.75,29.4,811.70K,8.03%
2-Feb-16,29.88,31.37,31.53,29.57,602.56K,-5.50%
1-Feb-16,31.62,33.83,34.18,31.29,595.61K,-5.95%
29-Jan-16,33.62,33.7,34.4,32.65,618.11K,1.20%
28-Jan-16,33.22,32.19,34.82,31.74,833.38K,2.85%
27-Jan-16,32.3,30.55,32.84,30.14,738.55K,2.70%
26-Jan-16,31.45,29.81,32.41,29.25,642.43K,3.66%
25-Jan-16,30.34,32.05,32.74,29.68,606.89K,-5.75%
22-Jan-16,32.19,29.84,32.35,29.53,636.57K,9.01%
21-Jan-16,29.53,28.35,30.25,27.87,694.04K,11.22%
20-Jan-16,26.55,28.33,28.58,26.19,32.11K,-6.71%
19-Jan-16,28.46,29.2,30.21,28.21,188.03K,-5.21%
18-Jan-16,30.02,29.76,30.88,29.67,-,0.94%
17-Jan-16,29.75,30.68,30.68,29.36,-,1.10%
15-Jan-16,29.42,31.18,31.18,29.13,329.09K,-5.71%
14-Jan-16,31.2,30.6,31.77,30.28,537.91K,2.36%
13-Jan-16,30.48,30.54,31.71,30.1,637.90K,0.13%
12-Jan-16,30.44,31.11,32.21,29.93,627.22K,-3.09%
11-Jan-16,31.41,32.94,33.2,30.88,648.64K,-5.28%
8-Jan-16,33.16,33.3,34.34,32.64,596.50K,-0.33%
7-Jan-16,33.27,34.09,34.26,32.1,617.41K,-2.06%
6-Jan-16,33.97,36.18,36.39,33.77,563.81K,-5.56%
5-Jan-16,35.97,36.9,37.1,35.74,410.13K,-2.15%
4-Jan-16,36.76,37.6,38.39,36.33,431.99K,-0.76%
31-Dec-15,37.04,36.81,37.79,36.22,283.62K,1.20%
30-Dec-15,36.6,37.36,37.4,36.4,267.91K,-3.35%
29-Dec-15,37.87,36.7,37.94,36.66,241.95K,2.88%
28-Dec-15,36.81,38,38.09,36.6,220.64K,-3.39%
24-Dec-15,38.1,37.86,38.28,37.38,205.87K,1.60%
23-Dec-15,37.5,36.47,37.95,36.28,374.66K,3.76%
22-Dec-15,36.14,35.8,36.54,35.66,302.26K,4.03%
21-Dec-15,34.74,34.58,34.86,33.98,27.29K,0.03%
18-Dec-15,34.73,34.87,35.57,34.29,116.04K,-0.63%
17-Dec-15,34.95,35.8,35.84,34.63,196.23K,-1.60%
16-Dec-15,35.52,36.79,37.35,35.29,402.97K,-4.90%
15-Dec-15,37.35,36.32,37.88,36.03,474.16K,2.86%
14-Dec-15,36.31,35.4,36.7,34.53,550.48K,1.94%
11-Dec-15,35.62,36.63,36.84,35.16,505.41K,-3.10%
10-Dec-15,36.76,37.27,37.54,36.38,513.94K,-1.08%
9-Dec-15,37.16,37.86,38.99,36.87,646.17K,-0.93%
8-Dec-15,37.51,37.68,38.58,36.64,767.18K,-0.37%
7-Dec-15,37.65,40.1,40.15,37.5,635.41K,-5.80%
4-Dec-15,39.97,41.31,42,39.6,510.76K,-2.70%
3-Dec-15,41.08,40.15,41.78,40.07,496.88K,2.85%
2-Dec-15,39.94,41.69,41.97,39.84,545.29K,-4.56%
1-Dec-15,41.85,41.73,42.23,41.17,415.54K,0.48%
30-Nov-15,41.65,41.77,42.61,41.5,369.51K,-0.14%
27-Nov-15,41.71,43.25,43.3,41.67,316.48K,-2.07%
26-Nov-15,42.59,43.08,43.29,42.3,-,-1.05%
25-Nov-15,43.04,42.69,43.25,41.72,383.16K,0.40%
24-Nov-15,42.87,42.04,43.46,41.86,430.30K,2.68%
23-Nov-15,41.75,41.49,42.75,40.41,516.19K,3.37%
20-Nov-15,40.39,40.54,40.99,38.99,33.71K,-0.37%
19-Nov-15,40.54,40.72,41.05,39.89,131.36K,-0.52%
18-Nov-15,40.75,41.11,41.55,39.91,251.52K,0.20%
17-Nov-15,40.67,41.96,42.03,40.58,363.71K,-2.56%
16-Nov-15,41.74,40.92,42.25,40.06,535.18K,2.45%
13-Nov-15,40.74,41.61,42.21,40.22,480.89K,-2.42%
12-Nov-15,41.75,43.05,43.33,41.54,545.35K,-2.75%
11-Nov-15,42.93,43.63,44.11,42.62,502.37K,-2.90%
10-Nov-15,44.21,44.1,44.76,43.57,445.97K,0.78%
9-Nov-15,43.87,44.52,45.12,43.64,487.99K,-0.95%
6-Nov-15,44.29,45.41,45.64,44.11,448.13K,-2.01%
5-Nov-15,45.2,46.57,46.65,45.12,437.65K,-2.42%
4-Nov-15,46.32,47.74,48.28,46.17,459.31K,-3.30%
3-Nov-15,47.9,46.11,48.36,45.96,434.57K,3.81%
2-Nov-15,46.14,46.43,46.73,45.56,305.52K,-0.97%
30-Oct-15,46.59,45.74,47.03,45.48,363.31K,1.15%
29-Oct-15,46.06,46.06,46.79,45.16,436.51K,0.26%
28-Oct-15,45.94,43.44,46.22,43.06,521.52K,6.34%
27-Oct-15,43.2,43.78,43.91,42.58,370.83K,-1.77%
26-Oct-15,43.98,44.74,44.94,43.64,302.08K,-1.39%
23-Oct-15,44.6,45.44,45.75,44.2,406.58K,-1.72%
22-Oct-15,45.38,45.27,46.1,44.9,322.74K,0.40%
21-Oct-15,45.2,45.88,46.08,44.86,384.29K,-0.77%
20-Oct-15,45.55,46.25,46.52,45.23,38.95K,-0.74%
19-Oct-15,45.89,47.27,47.49,45.85,125.84K,-2.90%
16-Oct-15,47.26,46.87,47.5,46.16,198.13K,1.90%
15-Oct-15,46.38,46.28,47.02,45.23,370.94K,-0.56%
14-Oct-15,46.64,46.69,46.96,45.94,348.24K,-0.04%
13-Oct-15,46.66,47.46,48.43,46.44,465.39K,-0.93%
12-Oct-15,47.1,49.51,50.13,47.04,408.66K,-5.10%
9-Oct-15,49.63,49.69,50.92,49.17,508.68K,0.40%
8-Oct-15,49.43,48.11,50.07,47.76,509.76K,3.39%
7-Oct-15,47.81,49,49.71,47.7,547.49K,-1.48%
6-Oct-15,48.53,46.2,49.08,45.73,453.10K,4.91%
5-Oct-15,46.26,45.65,46.94,45.21,323.06K,1.58%
2-Oct-15,45.54,45.07,45.81,43.97,420.74K,1.79%
1-Oct-15,44.74,45.38,47.1,44.63,478.98K,-0.78%
30-Sep-15,45.09,44.92,45.85,44.68,355.85K,-0.31%
29-Sep-15,45.23,44.5,45.7,44.3,265.18K,1.80%
28-Sep-15,44.43,45.38,45.5,44.3,273.91K,-2.78%
25-Sep-15,45.7,45.05,46.38,44.86,338.62K,1.76%
24-Sep-15,44.91,44.62,45.18,43.71,371.98K,0.97%
23-Sep-15,44.48,46.54,47.15,44.41,411.96K,-2.95%
22-Sep-15,45.83,46.45,46.48,45.14,29.99K,-1.82%
21-Sep-15,46.68,44.97,46.74,44.69,104.53K,4.48%
18-Sep-15,44.68,46.89,47.03,44.24,211.30K,-4.73%
17-Sep-15,46.9,47.13,47.71,46.33,366.39K,-0.53%
16-Sep-15,47.15,45.16,47.35,44.82,421.98K,5.74%
15-Sep-15,44.59,44.11,45.25,43.92,335.95K,1.34%
14-Sep-15,44,44.78,44.97,43.59,326.27K,-1.41%
11-Sep-15,44.63,45.71,45.88,44.16,395.84K,-2.81%
10-Sep-15,45.92,44.16,46.04,43.36,498.99K,4.01%
9-Sep-15,44.15,45.79,46.26,44.05,422.74K,-3.90%
8-Sep-15,45.94,45.82,46.41,44.14,508.82K,2.77%
7-Sep-15,44.7,45.72,45.92,44.15,-,-2.23%
6-Sep-15,45.72,45.72,45.87,45.61,-,-0.72%
4-Sep-15,46.05,46.68,47.23,45.61,385.63K,-1.50%
3-Sep-15,46.75,46.11,48.42,45.65,539.45K,1.08%
2-Sep-15,46.25,44.26,46.77,43.21,689.30K,1.85%
1-Sep-15,45.41,48.1,48.87,44.15,713.42K,-7.70%
31-Aug-15,49.2,45,49.33,43.6,757.50K,8.80%
28-Aug-15,45.22,42.68,45.9,41.78,666.33K,6.25%
27-Aug-15,42.56,38.96,42.86,38.95,533.68K,10.26%
26-Aug-15,38.6,39.69,39.86,38.52,368.72K,-1.81%
25-Aug-15,39.31,38.18,39.89,38.16,375.65K,2.80%
24-Aug-15,38.24,40.3,40.47,37.75,468.37K,-5.46%
21-Aug-15,40.45,41.03,41.4,39.86,377.18K,-1.68%
20-Aug-15,41.14,40.58,41.48,40.21,24.78K,0.83%
19-Aug-15,40.8,42.41,42.68,40.4,107.58K,-4.27%
18-Aug-15,42.62,41.88,42.9,41.43,200.19K,1.79%
17-Aug-15,41.87,42.18,42.69,41.64,314.28K,-1.48%
14-Aug-15,42.5,42.23,42.96,41.35,317.21K,0.64%
13-Aug-15,42.23,43.34,43.72,41.91,420.15K,-2.47%
12-Aug-15,43.3,43.27,43.87,42.8,492.27K,0.51%
11-Aug-15,43.08,44.81,45.34,42.69,538.01K,-4.18%
10-Aug-15,44.96,43.58,45.01,43.35,491.43K,2.48%
7-Aug-15,43.87,44.82,45.16,43.7,400.07K,-1.77%
6-Aug-15,44.66,45.16,45.27,44.2,360.98K,-1.09%
5-Aug-15,45.15,45.96,46.7,44.83,367.33K,-1.29%
4-Aug-15,45.74,45.35,46.23,45.29,285.79K,1.26%
3-Aug-15,45.17,46.86,46.94,45.08,371.09K,-4.14%
31-Jul-15,47.12,48.47,48.62,46.7,334.47K,-2.89%
30-Jul-15,48.52,48.83,49.36,48.34,247.66K,-0.55%
29-Jul-15,48.79,47.81,49.52,47.39,366.89K,1.69%
28-Jul-15,47.98,47.02,48.44,46.68,338.11K,1.24%
27-Jul-15,47.39,48,48.2,46.91,273.61K,-1.56%
24-Jul-15,48.14,48.79,49.03,47.72,278.23K,-0.64%
23-Jul-15,48.45,49.23,49.63,48.21,316.06K,-1.50%
22-Jul-15,49.19,50.71,50.71,49.04,347.99K,-2.32%
21-Jul-15,50.36,49.95,51.02,49.77,23.13K,0.42%
20-Jul-15,50.15,50.76,51.26,49.85,102.60K,-1.45%
17-Jul-15,50.89,50.91,51.23,50.14,203.49K,-0.04%
16-Jul-15,50.91,51.62,52.17,50.84,319.17K,-0.97%
15-Jul-15,51.41,53.4,53.5,51.21,334.56K,-3.07%
14-Jul-15,53.04,52,53.43,50.88,422.76K,1.61%
13-Jul-15,52.2,52.15,53.17,51.26,359.48K,-1.02%
10-Jul-15,52.74,52.48,53.89,51.96,349.08K,-0.08%
9-Jul-15,52.78,51.83,53.54,51.48,382.33K,2.19%
8-Jul-15,51.65,52.91,52.96,50.91,434.75K,-1.30%
7-Jul-15,52.33,52.75,53.43,50.58,527.27K,-0.38%
6-Jul-15,52.53,56.42,56.79,52.41,540.61K,-5.39%
3-Jul-15,55.52,56.6,56.78,55.42,-,-2.48%
2-Jul-15,56.93,56.87,57.95,56.5,297.05K,-0.05%
1-Jul-15,56.96,58.98,58.98,56.68,373.41K,-4.22%
30-Jun-15,59.47,58.27,59.69,57.94,282.48K,1.95%
29-Jun-15,58.33,58.84,59.27,58.04,286.04K,-2.18%
26-Jun-15,59.63,59.66,59.96,58.76,231.96K,-0.12%
25-Jun-15,59.7,60.22,60.46,59.43,222.34K,-0.95%
24-Jun-15,60.27,61.14,61.57,59.8,312.99K,-1.21%
23-Jun-15,61.01,60.21,61.49,59.55,336.22K,2.23%
22-Jun-15,59.68,59.44,60.3,58.93,26.74K,0.12%
19-Jun-15,59.61,60.5,60.56,58.88,116.66K,-1.39%
18-Jun-15,60.45,59.78,60.89,59.25,181.88K,0.88%
17-Jun-15,59.92,60.03,61.38,58.85,396.16K,-0.08%
16-Jun-15,59.97,59.6,60.37,59.42,233.94K,0.76%
15-Jun-15,59.52,59.9,59.98,58.73,275.19K,-0.73%
12-Jun-15,59.96,60.55,60.63,59.73,246.90K,-1.33%
11-Jun-15,60.77,61.14,61.53,60.21,352.42K,-1.07%
10-Jun-15,61.43,60.58,61.82,60.45,459.77K,2.14%
9-Jun-15,60.14,58.31,60.68,58.23,405.49K,3.44%
8-Jun-15,58.14,58.96,59.13,57.86,339.85K,-1.67%
5-Jun-15,59.13,57.99,59.23,56.83,461.02K,1.95%
4-Jun-15,58,59.57,59.94,57.83,363.35K,-2.75%
3-Jun-15,59.64,61.02,61.43,59.34,371.30K,-2.64%
2-Jun-15,61.26,60.18,61.58,60.09,344.51K,1.76%
1-Jun-15,60.2,60.29,60.64,59.33,292.19K,-0.17%
29-May-15,60.3,57.97,60.7,57.72,452.22K,4.54%
28-May-15,57.68,57.63,58.07,56.51,340.68K,0.30%
27-May-15,57.51,58.32,58.95,57.36,314.92K,-0.90%
26-May-15,58.03,60.05,60.25,57.71,330.13K,-3.03%
25-May-15,59.85,59.93,60.24,59.11,-,-0.12%
24-May-15,59.92,60.01,60.01,59.78,-,0.33%
22-May-15,59.72,60.66,60.8,59.35,230.31K,-1.65%
21-May-15,60.72,58.81,60.94,58.69,329.77K,2.95%
20-May-15,58.98,58.32,59.04,58.1,287.13K,3.00%
19-May-15,57.26,59.54,59.63,57.09,30.30K,-3.65%
18-May-15,59.43,59.85,60.88,59.06,144.39K,-0.44%
15-May-15,59.69,59.67,59.97,58.42,222.09K,-0.32%
14-May-15,59.88,60.1,60.84,59.36,361.43K,-1.02%
13-May-15,60.5,61.23,61.85,60.02,426.84K,-0.41%
12-May-15,60.75,59.27,61.36,59.12,397.35K,2.53%
11-May-15,59.25,59.43,59.85,58.75,332.69K,-0.24%
8-May-15,59.39,59.02,59.9,58.14,434.58K,0.76%
7-May-15,58.94,60.69,61.31,58.49,437.02K,-3.27%
6-May-15,60.93,60.72,62.58,60.54,423.58K,0.88%
5-May-15,60.4,58.95,61.1,58.63,389.74K,2.49%
4-May-15,58.93,59.3,59.73,58.45,215.05K,-0.37%
1-May-15,59.15,59.79,59.9,58.32,244.75K,-0.80%
30-Apr-15,59.63,58.55,59.85,58.38,340.32K,1.79%
29-Apr-15,58.58,56.93,59.33,56.54,411.10K,2.66%
28-Apr-15,57.06,56.65,57.83,56.07,281.86K,0.12%
27-Apr-15,56.99,57.3,57.89,56.52,250.56K,-0.28%
24-Apr-15,57.15,57.53,57.95,56.5,328.32K,-1.02%
23-Apr-15,57.74,56.28,58.41,55.76,415.57K,2.81%
22-Apr-15,56.16,56.34,57.19,55.73,329.63K,1.63%
21-Apr-15,55.26,56.41,56.91,55.01,29.60K,-1.99%
20-Apr-15,56.38,56.16,57.17,54.85,112.38K,1.15%
17-Apr-15,55.74,56.56,56.88,55.31,230.62K,-1.71%
16-Apr-15,56.71,55.92,57.42,55.07,413.13K,0.57%
15-Apr-15,56.39,53.55,56.69,53.39,508.90K,5.82%
14-Apr-15,53.29,52.05,53.79,51.83,431.03K,2.66%
13-Apr-15,51.91,51.81,53.1,51.47,375.53K,0.52%
10-Apr-15,51.64,50.73,51.93,50.08,395.14K,1.67%
9-Apr-15,50.79,51,52.07,50.51,449.53K,0.73%
8-Apr-15,50.42,53.18,53.23,50.37,552.63K,-6.60%
7-Apr-15,53.98,51.95,54.13,51.17,548.87K,3.53%
6-Apr-15,52.14,49.47,52.24,49.47,325.28K,6.11%
3-Apr-15,49.14,49.14,49.14,49.14,-,0.00%
2-Apr-15,49.14,49.59,50.27,48.11,453.39K,-1.90%
1-Apr-15,50.09,47.55,50.45,47.05,451.10K,5.23%
31-Mar-15,47.6,48.73,48.73,47.28,365.75K,-2.22%
30-Mar-15,48.68,48.57,49.16,47.61,355.87K,-0.39%
27-Mar-15,48.87,51.01,51.38,48.21,384.09K,-4.98%
26-Mar-15,51.43,49.02,52.48,48.73,515.28K,4.51%
25-Mar-15,49.21,47.72,49.46,47,398.80K,3.58%
24-Mar-15,47.51,47.46,48.56,46.67,309.55K,0.13%
23-Mar-15,47.45,46.41,47.61,45.33,292.42K,3.78%
20-Mar-15,45.72,43.99,46.53,43.31,22.46K,4.00%
19-Mar-15,43.96,44.6,44.71,42.75,106.91K,-1.57%
18-Mar-15,44.66,42.51,45.34,42.03,220.64K,2.76%
17-Mar-15,43.46,43.84,44.2,42.41,346.31K,-0.96%
16-Mar-15,43.88,44.81,45,42.85,367.60K,-2.14%
13-Mar-15,44.84,46.93,47.28,44.75,395.72K,-4.70%
12-Mar-15,47.05,48.44,48.76,46.86,358.38K,-2.33%
11-Mar-15,48.17,48.77,49.05,47.33,404.59K,-0.25%
10-Mar-15,48.29,50.08,50.36,48.2,395.76K,-3.42%
9-Mar-15,50,49.6,50.79,49.25,409.88K,0.79%
6-Mar-15,49.61,50.89,51.22,48.88,406.84K,-2.27%
5-Mar-15,50.76,51.62,52.4,50.61,370.95K,-1.49%
4-Mar-15,51.53,50.61,51.99,49.6,463.99K,2.00%
3-Mar-15,50.52,49.8,50.83,49.45,370.60K,1.88%
2-Mar-15,49.59,49.45,51.04,48.71,427.18K,-0.34%
27-Feb-15,49.76,48.97,49.94,48.46,399.49K,3.30%
26-Feb-15,48.17,51,51.22,47.8,459.58K,-5.53%
25-Feb-15,50.99,49.16,51.28,48.43,429.52K,3.47%
24-Feb-15,49.28,49.42,50.33,48.68,293.10K,-0.34%
23-Feb-15,49.45,50.75,50.99,48.67,475.38K,-1.77%
20-Feb-15,50.34,51.24,51.85,49.91,30.66K,-1.60%
19-Feb-15,51.16,50.55,52.14,49.15,125.21K,-1.88%
18-Feb-15,52.14,53.24,53.41,50.32,257.48K,-2.60%
17-Feb-15,53.53,52.75,54.15,50.81,518.80K,-0.15%
16-Feb-15,53.61,54.04,54.08,52.92,-,-0.82%
15-Feb-15,54.06,53.75,54.42,53.71,-,2.42%
13-Feb-15,52.78,51.35,53.43,51.03,437.07K,3.07%
12-Feb-15,51.21,49.42,51.6,49.14,563.66K,4.85%
11-Feb-15,48.84,50.98,51.14,48.05,519.27K,-2.36%
10-Feb-15,50.02,52.43,52.65,49.86,501.70K,-5.37%
9-Feb-15,52.86,52.01,53.99,51.65,536.36K,2.26%
6-Feb-15,51.69,50.86,53.16,50.72,584.98K,2.40%
5-Feb-15,50.48,48.67,52.1,47.36,596.85K,4.19%
4-Feb-15,48.45,51.67,52.56,47.95,577.52K,-8.67%
3-Feb-15,53.05,49.79,54.24,49.69,644.92K,7.02%
2-Feb-15,49.57,47.59,50.56,46.67,511.41K,2.76%
30-Jan-15,48.24,44.63,48.35,44.31,454.14K,8.33%
29-Jan-15,44.53,44.43,44.96,43.58,300.73K,0.18%
28-Jan-15,44.45,45.83,45.83,44.08,365.44K,-3.85%
27-Jan-15,46.23,45.13,46.55,44.81,313.14K,2.39%
26-Jan-15,45.15,45.2,46.41,44.35,310.64K,-0.97%
23-Jan-15,45.59,46.63,47.76,45.21,374.29K,-1.55%
22-Jan-15,46.31,47.35,49.09,45.87,426.83K,-3.08%
21-Jan-15,47.78,46.69,48.2,46.55,340.25K,3.00%
20-Jan-15,46.39,48.69,48.77,45.89,49.74K,-2.91%
19-Jan-15,47.78,48.84,49.19,47.64,-,-2.18%
18-Jan-15,48.85,48.95,49.06,48.78,-,0.32%
16-Jan-15,48.69,46.35,48.87,45.95,175.63K,5.28%
15-Jan-15,46.25,48.6,51.27,46.07,478.34K,-4.60%
14-Jan-15,48.48,46.16,48.91,45.01,510.25K,5.64%
13-Jan-15,45.89,45.69,46.79,44.2,476.54K,-0.39%
12-Jan-15,46.07,48.19,48.19,45.62,394.95K,-4.74%
9-Jan-15,48.36,48.92,49.61,47.16,421.01K,-0.88%
8-Jan-15,48.79,48.78,49.65,47.73,362.08K,0.29%
7-Jan-15,48.65,48,49.31,46.83,460.08K,1.50%
6-Jan-15,47.93,50,50.37,47.55,451.64K,-4.22%
5-Jan-15,50.04,52.61,52.73,49.68,375.78K,-5.03%
2-Jan-15,52.69,53.76,55.11,52.03,268.71K,-3.44%
1-Jan-15,54.56,53.73,54.85,53.72,-,2.43%
31-Dec-14,53.27,53.87,54.02,52.44,233.52K,-1.57%
30-Dec-14,54.12,53.72,54.32,52.7,218.56K,0.95%
29-Dec-14,53.61,55.05,55.74,52.9,241.38K,-2.05%
26-Dec-14,54.73,55.86,56.59,54.51,127.20K,-2.13%
25-Dec-14,55.92,55.87,56.05,55.73,-,0.14%
24-Dec-14,55.84,56.8,57.15,55.07,174.97K,-2.24%
23-Dec-14,57.12,55.39,57.56,55.06,274.00K,3.37%
22-Dec-14,55.26,57.75,58.53,55.13,277.32K,-2.23%
19-Dec-14,56.52,55.5,56.91,54.2,26.47K,4.45%
18-Dec-14,54.11,55.83,58.73,54.05,106.32K,-4.18%
17-Dec-14,56.47,55.5,58.98,54.21,351.98K,0.97%
16-Dec-14,55.93,55.4,57.15,53.6,518.78K,0.04%
15-Dec-14,55.91,57.07,58.73,55.02,424.95K,-3.29%
12-Dec-14,57.81,59.17,59.57,57.34,414.22K,-3.57%
11-Dec-14,59.95,61.12,61.68,58.96,392.49K,-1.62%
10-Dec-14,60.94,63.33,63.43,60.43,456.17K,-4.51%
9-Dec-14,63.82,63.01,64.2,62.25,322.80K,1.22%
8-Dec-14,63.05,65.46,65.55,62.78,330.08K,-4.24%
5-Dec-14,65.84,66.8,66.89,65.17,276.53K,-1.45%
4-Dec-14,66.81,67.4,68.22,66.09,237.01K,-0.85%
3-Dec-14,67.38,67.6,68.23,66.8,293.48K,0.75%
2-Dec-14,66.88,69.24,69.32,66.67,360.30K,-3.07%
1-Dec-14,69,66,69.54,63.72,504.12K,4.31%
28-Nov-14,66.15,73.5,73.56,65.69,552.88K,-3.50%
27-Nov-14,68.55,73.54,73.55,67.77,-,-6.98%
26-Nov-14,73.69,73.87,74.48,73.3,258.38K,-0.54%
25-Nov-14,74.09,75.51,76.58,73.71,294.45K,-2.23%
24-Nov-14,75.78,76.62,77.02,75.45,194.75K,-0.95%
21-Nov-14,76.51,76.29,77.83,75.62,275.32K,1.23%
20-Nov-14,75.58,74.25,75.76,74.17,28.25K,1.34%
19-Nov-14,74.58,74.23,75.4,73.88,116.28K,-0.04%
18-Nov-14,74.61,75.49,76.44,74.12,186.21K,-1.36%
17-Nov-14,75.64,75.93,76.18,74.71,279.46K,-0.24%
14-Nov-14,75.82,74.36,76.3,73.25,355.25K,2.17%
13-Nov-14,74.21,76.95,77.16,74.07,447.01K,-3.85%
12-Nov-14,77.18,77.5,78.08,76.63,359.95K,-0.98%
11-Nov-14,77.94,77.18,78.04,76.42,314.31K,0.70%
10-Nov-14,77.4,78.5,79.85,77.13,319.49K,-1.59%
7-Nov-14,78.65,77.86,79.41,77.47,306.08K,0.95%
6-Nov-14,77.91,78.87,78.98,77.12,292.90K,-0.98%
5-Nov-14,78.68,77.36,79.35,76.46,447.69K,1.93%
4-Nov-14,77.19,78.22,78.41,75.84,432.76K,-2.02%
3-Nov-14,78.78,80.59,80.98,78.08,386.05K,-2.19%
31-Oct-14,80.54,81.04,81.27,79.55,294.18K,-0.71%
30-Oct-14,81.12,81.93,82.09,80.72,270.07K,-1.31%
29-Oct-14,82.2,81.55,82.88,81.44,283.76K,0.96%
28-Oct-14,81.42,80.64,81.66,80.36,226.07K,0.52%
27-Oct-14,81,81.27,81.29,79.44,285.33K,-0.01%
24-Oct-14,81.01,81.95,81.95,80.36,272.51K,-1.32%
23-Oct-14,82.09,80.42,82.37,80.05,354.84K,1.95%
22-Oct-14,80.52,82.55,83.15,80.22,352.22K,-2.77%
21-Oct-14,82.81,82.76,84.05,82.29,23.44K,0.12%
20-Oct-14,82.71,83.13,83.48,81.55,83.70K,-0.05%
17-Oct-14,82.75,83.18,84.45,82.44,174.14K,0.06%
16-Oct-14,82.7,81.06,84.83,79.78,424.52K,1.12%
15-Oct-14,81.78,82.32,82.45,80.01,487.72K,-0.07%
14-Oct-14,81.84,84.98,85.6,81.32,475.83K,-4.55%
13-Oct-14,85.74,85.2,85.87,84.07,292.35K,-0.09%
10-Oct-14,85.82,84.39,86.29,83.59,396.53K,0.06%
9-Oct-14,85.77,87.73,87.95,84.06,345.02K,-1.76%
8-Oct-14,87.31,88.43,88.63,86.83,373.75K,-1.73%
7-Oct-14,88.85,90.45,90.57,88.38,300.11K,-1.65%
6-Oct-14,90.34,89.77,90.74,88.76,276.61K,0.67%
3-Oct-14,89.74,91.38,91.79,89.36,342.80K,-1.40%
2-Oct-14,91.01,90.74,91.54,88.18,449.55K,0.31%
1-Oct-14,90.73,91.36,92.96,90.47,389.25K,-0.47%
30-Sep-14,91.16,94.34,94.9,90.86,429.25K,-3.61%
29-Sep-14,94.57,93.35,94.64,92.74,261.25K,1.10%
26-Sep-14,93.54,92.47,93.86,92.23,258.89K,1.09%
25-Sep-14,92.53,92.89,93.54,92.05,248.85K,-0.29%
24-Sep-14,92.8,91.72,93.29,91.12,282.63K,1.35%
23-Sep-14,91.56,90.7,92.09,90.58,247.77K,0.04%
22-Sep-14,91.52,92.22,92.64,91.2,23.94K,-0.96%
19-Sep-14,92.41,92.97,93.22,91.85,92.78K,-0.71%
18-Sep-14,93.07,93.97,94.82,92.85,170.77K,-1.43%
17-Sep-14,94.42,94.71,95.06,93.74,305.83K,-0.48%
16-Sep-14,94.88,92.81,95.19,92.46,294.72K,2.11%
15-Sep-14,92.92,92.13,93.03,90.63,260.51K,0.70%
12-Sep-14,92.27,93.05,93.67,91.96,297.77K,-0.60%
11-Sep-14,92.83,91.71,93.44,90.43,403.18K,1.27%
10-Sep-14,91.67,92.79,93.03,91.22,295.31K,-1.16%
9-Sep-14,92.75,93.11,93.94,92.52,275.88K,0.10%
8-Sep-14,92.66,93.49,93.62,91.8,277.99K,-0.68%
5-Sep-14,93.29,94.57,94.99,92.86,261.39K,-1.23%
4-Sep-14,94.45,95.07,95.39,94.16,254.14K,-1.14%
3-Sep-14,95.54,93.28,95.83,93.06,294.40K,2.86%
2-Sep-14,92.88,95.81,95.91,92.68,320.36K,-3.08%
1-Sep-14,95.83,95.76,95.9,95.51,-,-0.14%
29-Aug-14,95.96,94.56,96,94.48,234.97K,1.49%
28-Aug-14,94.55,93.75,94.71,93.45,262.29K,0.71%
27-Aug-14,93.88,93.88,94.24,93.36,174.91K,0.02%
26-Aug-14,93.86,93.36,94.35,93.35,176.28K,0.55%
25-Aug-14,93.35,93.34,93.95,93.05,137.42K,-0.32%
22-Aug-14,93.65,93.89,94.04,92.92,191.46K,-0.33%
21-Aug-14,93.96,93.49,94.45,92.5,226.34K,-2.20%
20-Aug-14,96.07,94.7,96.47,94.7,22.89K,1.68%
19-Aug-14,94.48,96.56,97.05,94.26,109.04K,-2.00%
18-Aug-14,96.41,97.1,97.16,95.81,157.54K,-0.97%
15-Aug-14,97.35,95.5,97.41,95.32,269.75K,1.85%
14-Aug-14,95.58,97.3,97.59,95.26,350.62K,-2.06%
13-Aug-14,97.59,97.2,97.78,96.75,253.70K,0.23%
12-Aug-14,97.37,97.84,97.94,96.81,242.59K,-0.72%
11-Aug-14,98.08,97.54,98.58,97.37,241.49K,0.44%
8-Aug-14,97.65,97.64,98.45,97.15,266.01K,0.32%
7-Aug-14,97.34,96.89,97.72,96.55,286.53K,0.43%
6-Aug-14,96.92,97.62,98.13,96.69,263.60K,-0.47%
5-Aug-14,97.38,98.41,98.67,97,242.24K,-0.93%
4-Aug-14,98.29,97.67,98.67,97.43,204.26K,0.42%
1-Aug-14,97.88,97.7,98.1,97.09,274.99K,-0.30%
31-Jul-14,98.17,99.47,99.85,97.6,335.79K,-2.09%
30-Jul-14,100.27,101.03,101.67,99.42,263.97K,-0.69%
29-Jul-14,100.97,101.6,101.83,100.37,258.06K,-0.69%
28-Jul-14,101.67,101.87,102.1,100.9,197.82K,-0.41%
25-Jul-14,102.09,102.04,102.53,101,284.92K,0.02%
24-Jul-14,102.07,103.2,103.31,101.88,194.40K,-1.02%
23-Jul-14,103.12,101.96,103.34,101.79,260.65K,-1.24%
22-Jul-14,104.42,104.58,105.25,103.89,43.19K,-0.16%
21-Jul-14,104.59,102.97,104.99,102.65,126.99K,1.42%
18-Jul-14,103.13,103.72,103.94,102.58,172.53K,-0.06%
17-Jul-14,103.19,101.49,103.9,101.27,342.87K,1.97%
16-Jul-14,101.2,100.21,101.6,100.07,240.20K,1.24%
15-Jul-14,99.96,100.93,101.06,99.01,331.20K,-0.94%
14-Jul-14,100.91,100.46,101.2,100.22,252.68K,0.08%
11-Jul-14,100.83,102.86,102.92,100.44,272.55K,-2.04%
10-Jul-14,102.93,101.95,103,101.55,238.08K,0.63%
9-Jul-14,102.29,103.45,103.6,101.85,250.99K,-1.07%
8-Jul-14,103.4,103.39,104.2,103.01,249.38K,-0.13%
7-Jul-14,103.53,104.06,104.09,103.19,189.25K,-0.22%
4-Jul-14,103.76,104.11,104.12,103.64,-,-0.29%
3-Jul-14,104.06,104.27,104.29,103.67,169.94K,-0.40%
2-Jul-14,104.48,105.21,105.53,104.1,240.07K,-0.82%
1-Jul-14,105.34,105.44,106.09,104.6,221.69K,-0.03%
30-Jun-14,105.37,105.69,105.76,104.66,215.33K,-0.35%
27-Jun-14,105.74,105.64,106.19,105.33,128.98K,-0.09%
26-Jun-14,105.84,106.71,106.81,105.03,195.72K,-0.62%
25-Jun-14,106.5,106.14,107.5,105.47,249.06K,0.44%
24-Jun-14,106.03,106.02,106.46,105.25,175.21K,-0.13%
23-Jun-14,106.17,107.42,107.45,105.91,175.47K,-1.02%
20-Jun-14,107.26,106.6,107.73,106.33,31.67K,0.78%
19-Jun-14,106.43,106.11,106.7,105.32,123.12K,0.43%
18-Jun-14,105.97,106.6,106.97,105.8,176.26K,-0.37%
17-Jun-14,106.36,106.59,107.18,106.01,252.97K,-0.51%
16-Jun-14,106.9,106.88,107.54,106.57,204.79K,-0.01%
13-Jun-14,106.91,106.84,107.68,106.37,255.39K,0.36%
12-Jun-14,106.53,104.47,106.95,104.35,321.50K,2.04%
11-Jun-14,104.4,104.3,104.81,104.17,187.73K,0.05%
10-Jun-14,104.35,104.46,105.06,103.98,255.60K,-0.06%
9-Jun-14,104.41,102.78,104.57,102.62,246.72K,1.70%
6-Jun-14,102.66,102.44,103.07,102.3,197.76K,0.18%
5-Jun-14,102.48,102.37,102.69,101.6,200.40K,-0.16%
4-Jun-14,102.64,102.79,103.69,102.34,208.54K,-0.02%
3-Jun-14,102.66,102.44,102.86,102.23,160.21K,0.19%
2-Jun-14,102.47,102.92,103.35,102.1,159.04K,-0.23%
30-May-14,102.71,103.51,103.56,102.4,169.73K,-0.84%
29-May-14,103.58,103.06,103.94,102.61,205.51K,0.84%
28-May-14,102.72,104.14,104.39,102.64,239.13K,-1.34%
27-May-14,104.11,104.34,104.5,103.57,174.39K,-0.16%
26-May-14,104.28,104.2,104.38,103.93,-,-0.07%
23-May-14,104.35,103.71,104.5,103.64,160.56K,0.59%
22-May-14,103.74,103.85,104.22,103.55,159.18K,-0.32%
21-May-14,104.07,102.96,104.29,102.78,272.13K,1.59%
20-May-14,102.44,102.6,102.86,102.1,48.32K,-0.17%
19-May-14,102.61,102.13,103.09,101.97,121.11K,0.58%
16-May-14,102.02,101.56,102.23,101.39,147.90K,0.51%
15-May-14,101.5,102.03,102.26,101.27,276.06K,-0.85%
14-May-14,102.37,101.91,102.65,101.83,234.48K,0.66%
13-May-14,101.7,100.63,102.05,100.36,253.59K,1.10%
12-May-14,100.59,100.12,100.93,99.93,211.65K,0.60%
9-May-14,99.99,100.27,101.18,99.71,271.34K,-0.27%
8-May-14,100.26,100.82,100.93,99.87,252.61K,-0.51%
7-May-14,100.77,99.83,100.99,99.78,291.27K,1.28%
6-May-14,99.5,99.38,100.42,99.32,251.21K,0.02%
5-May-14,99.48,99.96,100.44,98.91,190.00K,-0.28%
2-May-14,99.76,99.17,100.14,99.17,213.63K,0.34%
1-May-14,99.42,99.72,99.89,98.74,235.46K,-0.32%
30-Apr-14,99.74,100.76,100.76,99.35,282.98K,-1.52%
29-Apr-14,101.28,100.89,102.2,100.71,218.69K,0.44%
28-Apr-14,100.84,100.49,101.52,100.33,231.59K,0.24%
25-Apr-14,100.6,101.93,102.05,100.48,221.60K,-1.31%
24-Apr-14,101.94,101.54,102.35,101.4,202.28K,0.49%
23-Apr-14,101.44,101.86,102.08,101.2,250.65K,-0.68%
22-Apr-14,102.13,104.36,104.36,101.69,46.49K,-2.15%
21-Apr-14,104.37,104.54,104.77,103.85,115.10K,0.07%
17-Apr-14,104.3,103.84,104.78,103.54,191.34K,0.52%
16-Apr-14,103.76,103.76,104.99,103.12,279.39K,0.01%
15-Apr-14,103.75,103.6,104.05,102.91,215.85K,-0.29%
14-Apr-14,104.05,103.56,104.55,103.34,237.21K,0.30%
11-Apr-14,103.74,103.34,104.44,103.01,261.92K,0.33%
10-Apr-14,103.4,103.44,103.81,103.1,222.17K,-0.19%
9-Apr-14,103.6,102.35,103.77,102.03,324.66K,1.01%
8-Apr-14,102.56,100.69,102.71,100.68,299.55K,2.11%
7-Apr-14,100.44,100.91,101.32,99.92,254.88K,-0.69%
4-Apr-14,101.14,100.38,101.63,100.28,193.53K,0.85%
3-Apr-14,100.29,99.29,100.49,99.07,195.43K,0.67%
2-Apr-14,99.62,99.64,99.83,98.86,231.60K,-0.12%
1-Apr-14,99.74,101.53,101.57,99.28,237.56K,-1.81%
31-Mar-14,101.58,101.69,101.97,100.88,167.57K,-0.09%
28-Mar-14,101.67,101.34,102.24,101.18,166.33K,0.39%
27-Mar-14,101.28,100.3,101.7,100.03,202.20K,1.02%
26-Mar-14,100.26,99.18,100.46,99.1,211.37K,1.08%
25-Mar-14,99.19,99.43,100.25,98.8,217.01K,-0.41%
24-Mar-14,99.6,99.49,100.29,99.05,151.71K,0.14%
21-Mar-14,99.46,98.59,100.25,98.25,191.29K,0.03%
20-Mar-14,99.43,100.39,100.82,99.08,33.88K,-0.94%
19-Mar-14,100.37,99.53,100.47,99.34,110.32K,0.67%
18-Mar-14,99.7,97.97,99.78,97.75,192.51K,1.65%
17-Mar-14,98.08,99.39,99.39,97.37,227.39K,-0.82%
14-Mar-14,98.89,98.25,99.28,98.06,226.30K,0.70%
13-Mar-14,98.2,98.1,98.6,97.67,268.07K,0.21%
12-Mar-14,97.99,99.48,99.6,97.55,416.93K,-2.04%
11-Mar-14,100.03,100.94,101.52,99.32,294.20K,-1.08%
10-Mar-14,101.12,102.75,102.82,100.85,225.29K,-1.42%
7-Mar-14,102.58,101.97,102.91,101.57,226.15K,1.00%
6-Mar-14,101.56,101.04,102.08,100.13,291.85K,0.11%
5-Mar-14,101.45,103.35,103.53,100.85,267.84K,-1.82%
4-Mar-14,103.33,104.89,104.96,102.85,210.01K,-1.52%
3-Mar-14,104.92,103,105.22,102.95,295.82K,2.27%
28-Feb-14,102.59,102.15,102.96,101.8,178.28K,0.19%
27-Feb-14,102.4,102.57,103.08,101.75,196.49K,-0.19%
26-Feb-14,102.59,102.04,102.9,101.58,196.52K,0.75%
25-Feb-14,101.83,102.8,102.84,101.02,187.22K,-0.96%
24-Feb-14,102.82,102.29,103.45,101.97,177.86K,0.61%
21-Feb-14,102.2,102.87,102.92,101.69,173.26K,-0.70%
20-Feb-14,102.92,103.41,103.5,102.75,36.26K,-0.38%
19-Feb-14,103.31,103.14,103.8,102.4,116.16K,0.86%
18-Feb-14,102.43,100.32,103.25,100.23,177.37K,1.83%
17-Feb-14,100.58,100.59,100.83,100.23,-,0.28%
14-Feb-14,100.3,100.34,100.47,99.43,229.78K,-0.05%
13-Feb-14,100.35,100.27,100.66,99.4,221.72K,-0.02%
12-Feb-14,100.37,100.46,101.38,100.04,318.69K,0.43%
11-Feb-14,99.94,99.97,100.6,99.6,233.93K,-0.12%
10-Feb-14,100.06,100.05,100.55,99.11,251.13K,0.18%
7-Feb-14,99.88,97.97,100.24,97.11,270.41K,2.09%
6-Feb-14,97.84,97.25,98.83,97.25,234.28K,0.47%
5-Feb-14,97.38,97.67,98.26,96.8,237.67K,0.20%
4-Feb-14,97.19,96.53,97.82,96.37,204.28K,0.79%
3-Feb-14,96.43,97.4,97.94,96.26,293.31K,-1.09%
31-Jan-14,97.49,97.97,98.39,97.1,253.46K,-0.75%
30-Jan-14,98.23,97.42,98.59,97.33,199.42K,0.89%
29-Jan-14,97.36,97.17,97.75,96.32,200.49K,-0.05%
28-Jan-14,97.41,95.66,97.66,95.63,206.49K,1.77%
27-Jan-14,95.72,96.9,97.18,95.21,235.11K,-0.95%
24-Jan-14,96.64,97.37,97.8,96.25,239.67K,-0.70%
23-Jan-14,97.32,96.69,97.84,96.41,274.08K,0.61%
22-Jan-14,96.73,95.2,96.89,95.12,252.35K,1.83%
21-Jan-14,94.99,94,95.23,93.43,35.63K,1.12%
20-Jan-14,93.93,94.31,94.31,93.66,-,-0.46%
17-Jan-14,94.37,94.17,94.94,93.94,119.89K,0.44%
16-Jan-14,93.96,94.29,94.64,93.6,165.14K,-0.22%
15-Jan-14,94.17,92.65,94.64,92.43,263.30K,1.71%
14-Jan-14,92.59,91.51,92.88,91.5,243.47K,0.86%
13-Jan-14,91.8,92.83,92.88,91.43,212.21K,-0.99%
10-Jan-14,92.72,92.3,93.38,91.99,255.99K,1.16%
9-Jan-14,91.66,92.58,92.93,91.24,255.78K,-0.73%
8-Jan-14,92.33,93.96,94.18,92.26,244.86K,-1.43%
7-Jan-14,93.67,93.6,94.22,93.35,177.18K,0.26%
6-Jan-14,93.43,94.18,94.59,93.2,189.38K,-0.56%
3-Jan-14,93.96,95.47,95.74,93.86,215.52K,-1.55%
2-Jan-14,95.44,98.5,98.97,95.34,251.25K,-3.30%
1-Jan-14,98.7,98.61,98.76,98.54,-,0.28%
31-Dec-13,98.42,99.25,99.39,98.15,113.91K,-0.88%
30-Dec-13,99.29,100.15,100.42,99.13,118.36K,-1.03%
27-Dec-13,100.32,99.63,100.75,99.37,127.20K,0.77%
26-Dec-13,99.55,99.2,99.7,99.05,65.67K,0.33%
24-Dec-13,99.22,98.62,99.3,98.53,51.88K,0.31%
23-Dec-13,98.91,99.2,99.31,98.64,107.27K,-0.41%
20-Dec-13,99.32,98.7,99.4,98.54,151.28K,0.56%
19-Dec-13,98.77,97.69,99.17,97.5,23.58K,0.99%
18-Dec-13,97.8,97.3,98.01,97.02,84.63K,0.60%
17-Dec-13,97.22,97.3,97.9,97,120.13K,-0.27%
16-Dec-13,97.48,96.55,97.69,96.21,187.59K,0.91%
13-Dec-13,96.6,97.58,97.62,96.26,233.16K,-0.92%
12-Dec-13,97.5,97.55,98.18,97.31,205.75K,0.06%
11-Dec-13,97.44,98.65,98.75,97.2,274.19K,-1.09%
10-Dec-13,98.51,97.25,98.74,97.24,264.84K,1.20%
9-Dec-13,97.34,97.66,97.97,97.1,210.09K,-0.32%
6-Dec-13,97.65,97.38,98.07,97.08,223.94K,0.28%
5-Dec-13,97.38,97.33,97.99,97.01,216.39K,0.19%
4-Dec-13,97.2,96.9,97.58,96.3,325.86K,1.21%
3-Dec-13,96.04,93.86,96.96,93.67,319.27K,2.37%
2-Dec-13,93.82,92.71,94.08,92.56,234.80K,1.19%
29-Nov-13,92.72,92.33,93.9,92.06,143.21K,0.48%
28-Nov-13,92.28,92.19,92.36,92.08,-,-0.03%
27-Nov-13,92.3,93.5,93.6,91.77,230.88K,-1.47%
26-Nov-13,93.68,94.21,94.69,93.43,160.18K,-0.44%
25-Nov-13,94.09,94.15,94.5,93.08,270.86K,-0.79%
22-Nov-13,94.84,95.29,95.57,94.05,257.84K,-0.63%
21-Nov-13,95.44,93.73,95.63,93.47,222.14K,2.26%
20-Nov-13,93.33,93.33,93.93,92.73,27.44K,-0.01%
19-Nov-13,93.34,93,93.46,92.43,131.46K,0.33%
18-Nov-13,93.03,93.78,94.3,92.72,169.44K,-0.86%
15-Nov-13,93.84,93.89,94.55,93.58,204.37K,0.09%
14-Nov-13,93.76,93.5,94.43,92.51,315.07K,-0.13%
13-Nov-13,93.88,93.07,94.54,92.93,305.01K,0.90%
12-Nov-13,93.04,95,95.22,92.86,353.69K,-2.21%
11-Nov-13,95.14,94.45,95.38,94.11,206.72K,0.57%
8-Nov-13,94.6,94.36,94.92,93.9,241.69K,0.42%
7-Nov-13,94.2,94.91,95.31,93.8,260.60K,-0.63%
6-Nov-13,94.8,93.74,95.4,93.65,282.72K,1.53%
5-Nov-13,93.37,94.47,94.9,93.07,226.45K,-1.32%
4-Nov-13,94.62,94.52,95.11,94.06,219.11K,0.01%
1-Nov-13,94.61,96.32,96.65,94.36,282.14K,-1.84%
31-Oct-13,96.38,96.62,97.03,96.03,255.40K,-0.40%
30-Oct-13,96.77,97.77,97.82,96.55,268.14K,-1.46%
29-Oct-13,98.2,98.54,98.57,97.69,183.24K,-0.49%
28-Oct-13,98.68,97.88,98.82,97.37,230.16K,0.85%
25-Oct-13,97.85,97.19,98.06,96.99,192.63K,0.76%
24-Oct-13,97.11,97.1,97.69,95.95,248.74K,0.26%
23-Oct-13,96.86,98.12,98.29,96.16,356.19K,-0.96%
22-Oct-13,97.8,99.06,99.77,97.5,30.73K,-1.43%
21-Oct-13,99.22,100.63,100.95,98.98,90.82K,-1.58%
18-Oct-13,100.81,100.72,101.71,100.51,116.68K,0.14%
17-Oct-13,100.67,102.13,102.32,100.03,266.63K,-1.58%
16-Oct-13,102.29,100.88,102.97,100.75,235.24K,1.07%
15-Oct-13,101.21,102.19,102.46,100.87,240.22K,-1.17%
14-Oct-13,102.41,101.37,102.62,101.06,170.67K,0.38%
11-Oct-13,102.02,102.94,102.95,100.6,298.22K,-0.96%
10-Oct-13,103.01,101.46,103.57,101.16,296.86K,1.38%
9-Oct-13,101.61,103.49,103.75,101.18,283.13K,-1.82%
8-Oct-13,103.49,103.16,104.08,102.85,194.20K,0.45%
7-Oct-13,103.03,103.45,103.74,101.86,269.03K,-0.78%
4-Oct-13,103.84,102.92,104.19,102.9,165.20K,0.51%
3-Oct-13,103.31,103.82,104.38,102.87,226.23K,-0.76%
2-Oct-13,104.1,101.62,104.23,101.43,300.53K,2.02%
1-Oct-13,102.04,102.31,102.58,101.06,223.03K,-0.28%
30-Sep-13,102.33,102.46,102.76,101.05,226.71K,-0.52%
27-Sep-13,102.87,102.91,103.77,102.36,232.30K,-0.16%
26-Sep-13,103.03,102.3,103.29,102.2,183.78K,0.36%
25-Sep-13,102.66,103.41,103.96,102.2,236.20K,-0.46%
24-Sep-13,103.13,103.44,103.64,102.3,259.54K,-0.44%
23-Sep-13,103.59,104.89,105.12,103.12,223.39K,-1.04%
20-Sep-13,104.68,106.37,106.46,104.32,39.27K,-1.61%
19-Sep-13,106.39,108.22,108.99,106.08,139.84K,-1.55%
18-Sep-13,108.07,105.53,108.49,105.32,199.89K,2.51%
17-Sep-13,105.42,106.22,106.43,104.94,304.85K,-1.10%
16-Sep-13,106.59,107.5,108,106.06,282.89K,-1.50%
13-Sep-13,108.21,108.64,108.74,107.23,207.04K,-0.36%
12-Sep-13,108.6,107.77,109.16,107.3,249.78K,0.97%
11-Sep-13,107.56,107.36,108.09,106.53,238.24K,0.16%
10-Sep-13,107.39,108.92,108.95,106.39,325.31K,-1.94%
9-Sep-13,109.52,110.28,110.46,108.76,266.92K,-0.91%
6-Sep-13,110.53,108.52,110.7,108.12,269.87K,1.99%
5-Sep-13,108.37,107.59,108.54,107.13,184.89K,1.06%
4-Sep-13,107.23,108.44,108.61,106.77,224.38K,-1.21%
3-Sep-13,108.54,107.07,108.83,104.21,288.02K,1.68%
2-Sep-13,106.75,105.91,107.29,105.86,-,-0.84%
30-Aug-13,107.65,108.17,108.75,106.75,239.63K,-1.06%
29-Aug-13,108.8,109.53,110.07,107.72,250.04K,-1.18%
28-Aug-13,110.1,109.22,112.24,109.11,336.17K,1.00%
27-Aug-13,109.01,106.14,109.32,105.88,295.93K,2.92%
26-Aug-13,105.92,106.91,107.37,105.56,166.00K,-0.47%
23-Aug-13,106.42,105.22,106.94,104.3,259.55K,1.32%
22-Aug-13,105.03,103.86,105.25,103.53,204.69K,1.14%
21-Aug-13,103.85,105.18,105.35,103.5,259.24K,-1.07%
20-Aug-13,104.97,106.93,107.1,104.5,39.88K,-1.99%
19-Aug-13,107.1,107.78,107.8,106.56,102.78K,-0.34%
16-Aug-13,107.46,107.18,108.17,106.56,179.86K,0.12%
15-Aug-13,107.33,106.98,107.87,106.6,251.87K,0.45%
14-Aug-13,106.85,106.54,107.06,105.6,270.92K,0.02%
13-Aug-13,106.83,106.15,107.2,105.56,276.77K,0.68%
12-Aug-13,106.11,105.84,106.46,105.03,257.14K,0.13%
9-Aug-13,105.97,103.87,106.24,103.62,303.80K,2.49%
8-Aug-13,103.4,104.18,104.96,102.22,320.07K,-0.93%
7-Aug-13,104.37,105.68,105.77,104.1,294.24K,-0.88%
6-Aug-13,105.3,106.48,107.27,104.86,273.00K,-1.18%
5-Aug-13,106.56,106.84,107.69,105.7,204.86K,-0.36%
2-Aug-13,106.94,107.8,108.82,106.45,249.31K,-0.88%
1-Aug-13,107.89,105.26,108.06,105.1,267.59K,2.72%
31-Jul-13,105.03,103.15,105.43,102.93,299.13K,1.89%
30-Jul-13,103.08,104.52,104.54,102.67,235.61K,-1.41%
29-Jul-13,104.55,104.61,105.37,103.87,206.33K,-0.14%
26-Jul-13,104.7,105.56,105.63,103.9,208.86K,-0.75%
25-Jul-13,105.49,105.37,105.87,104.08,270.58K,0.09%
24-Jul-13,105.39,107.36,107.52,104.79,278.26K,-1.72%
23-Jul-13,107.23,107,107.55,105.46,241.64K,0.30%
22-Jul-13,106.91,108.34,108.79,106.43,29.38K,-1.06%
19-Jul-13,108.05,108.12,109.32,107.48,112.37K,0.01%
18-Jul-13,108.04,106.56,108.43,106.15,155.96K,1.47%
17-Jul-13,106.48,105.78,106.6,105.11,262.79K,0.45%
16-Jul-13,106,106.44,107.18,105.66,250.92K,-0.30%
15-Jul-13,106.32,106.05,106.63,104.65,210.81K,0.35%
12-Jul-13,105.95,104.58,106.33,104.36,234.76K,0.99%
11-Jul-13,104.91,106.15,107.45,104.31,316.73K,-1.51%
10-Jul-13,106.52,104.57,106.66,104.21,404.82K,2.89%
9-Jul-13,103.53,103,104.76,102.31,285.67K,0.38%
8-Jul-13,103.14,103.95,104.12,102.13,253.20K,-0.08%
5-Jul-13,103.22,101.09,103.68,100.71,256.03K,1.79%
4-Jul-13,101.4,101.27,101.57,100.71,-,0.16%
3-Jul-13,101.24,99.61,102.18,99.59,353.25K,1.65%
2-Jul-13,99.6,98.06,99.87,97.78,285.78K,1.64%
1-Jul-13,97.99,96.58,98.28,96.07,229.19K,1.48%
28-Jun-13,96.56,96.81,97.82,96.33,247.61K,-0.50%
27-Jun-13,97.05,95.52,97.41,95.35,269.31K,1.62%
26-Jun-13,95.5,95.17,95.7,93.68,291.42K,0.19%
25-Jun-13,95.32,95.02,96.17,94.59,267.54K,0.15%
24-Jun-13,95.18,93.85,95.59,92.67,315.82K,1.59%
21-Jun-13,93.69,94.96,95.84,93.12,340.90K,-1.79%
20-Jun-13,95.4,98.02,98.03,94.89,26.73K,-2.89%
19-Jun-13,98.24,98.59,99.01,97.57,111.30K,-0.20%
18-Jun-13,98.44,97.93,98.67,97.41,145.62K,0.69%
17-Jun-13,97.77,97.85,98.74,97.38,242.79K,-0.08%
14-Jun-13,97.85,96.64,98.25,96.42,240.91K,1.20%
13-Jun-13,96.69,95.77,96.92,95.02,224.45K,0.84%
12-Jun-13,95.88,94.89,96.45,94.46,244.87K,0.52%
11-Jun-13,95.38,95.76,95.91,94.04,257.47K,-0.41%
10-Jun-13,95.77,96.09,96.25,95.19,234.60K,-0.27%
7-Jun-13,96.03,94.72,96.39,93.72,330.83K,1.34%
6-Jun-13,94.76,93.7,95.32,93.69,267.16K,1.09%
5-Jun-13,93.74,93.86,94.48,93.41,268.91K,0.46%
4-Jun-13,93.31,93.35,94.41,92.38,301.14K,-0.15%
3-Jun-13,93.45,91.73,93.7,91.26,287.47K,1.61%
31-May-13,91.97,93.64,93.85,91.56,267.98K,-1.75%
30-May-13,93.61,92.89,93.99,91.65,294.86K,0.52%
29-May-13,93.13,95.05,95.22,92.83,293.46K,-1.98%
28-May-13,95.01,93.89,95.92,93.23,240.99K,1.25%
27-May-13,93.83,93.54,94.03,93.25,-,-0.33%
24-May-13,94.15,94.37,94.39,93.04,203.99K,-0.11%
23-May-13,94.25,94.18,94.46,92.21,323.63K,-0.03%
22-May-13,94.28,95.9,96.19,94.01,336.50K,-1.96%
21-May-13,96.16,96.7,96.97,95.5,-,-0.57%
20-May-13,96.71,95.93,97.11,95.23,118.62K,0.72%
17-May-13,96.02,95.15,96.45,94.79,187.75K,0.90%
16-May-13,95.16,94.34,95.57,93.23,297.86K,0.91%
15-May-13,94.3,94.13,94.44,92.13,360.68K,0.10%
14-May-13,94.21,94.93,95.66,93.85,269.40K,-1.01%
13-May-13,95.17,95.76,95.81,94.47,297.04K,-0.91%
10-May-13,96.04,96.16,96.24,93.37,354.12K,-0.36%
9-May-13,96.39,96.6,96.77,95.35,272.20K,-0.24%
8-May-13,96.62,95.56,96.77,95.24,276.32K,1.05%
7-May-13,95.62,95.79,96.26,94.92,260.14K,-0.56%
6-May-13,96.16,95.58,97.17,94.85,271.00K,0.58%
3-May-13,95.61,93.99,96.04,93.56,297.52K,1.72%
2-May-13,93.99,91,94.25,90.65,310.81K,3.25%
1-May-13,91.03,93.08,93.26,90.11,332.38K,-2.60%
30-Apr-13,93.46,94.42,94.62,92.86,277.50K,-1.10%
29-Apr-13,94.5,92.7,94.69,92.43,214.61K,1.61%
26-Apr-13,93,93.24,93.58,92.06,240.97K,-0.68%
25-Apr-13,93.64,91.58,93.87,91.11,270.12K,2.42%
24-Apr-13,91.43,89.6,91.72,89.21,257.74K,2.52%
23-Apr-13,89.18,89.28,89.6,87.8,288.80K,0.47%
22-Apr-13,88.76,87.96,89.13,87.55,35.73K,0.85%
19-Apr-13,88.01,88.37,88.79,87.56,100.65K,0.32%
18-Apr-13,87.73,86.39,88.51,85.61,228.20K,1.21%
17-Apr-13,86.68,88.8,89.09,86.06,294.27K,-2.30%
16-Apr-13,88.72,87.42,88.96,86.06,287.41K,0.01%
15-Apr-13,88.71,90.95,90.98,87.2,362.52K,-2.83%
12-Apr-13,91.29,93.49,93.52,90.27,325.58K,-2.37%
11-Apr-13,93.51,94.56,94.64,93.06,222.44K,-1.19%
10-Apr-13,94.64,93.96,94.82,93.4,248.56K,0.47%
9-Apr-13,94.2,93.49,94.48,92.86,234.72K,0.90%
8-Apr-13,93.36,93.02,93.75,92.46,212.12K,0.71%
5-Apr-13,92.7,93.36,93.57,91.91,267.28K,-0.60%
4-Apr-13,93.26,94.5,94.84,92.12,355.32K,-1.26%
3-Apr-13,94.45,96.93,96.96,94.18,302.24K,-2.82%
2-Apr-13,97.19,97,97.44,95.91,209.88K,0.12%
1-Apr-13,97.07,97.36,97.8,95.92,192.40K,-0.16%
28-Mar-13,97.23,96.68,97.35,96.26,174.39K,0.67%
27-Mar-13,96.58,96.18,96.84,95.58,207.78K,0.25%
26-Mar-13,96.34,94.75,96.45,94.67,214.35K,1.61%
25-Mar-13,94.81,93.72,95.65,93.7,270.65K,1.17%
22-Mar-13,93.71,92.33,93.94,92.33,202.67K,1.36%
21-Mar-13,92.45,93.4,93.53,91.84,214.13K,-0.55%
20-Mar-13,92.96,92.09,93.28,92.09,27.76K,0.87%
19-Mar-13,92.16,93.8,94.09,92.03,96.80K,-1.69%
18-Mar-13,93.74,93.26,93.94,91.76,151.21K,0.31%
15-Mar-13,93.45,93.15,93.84,93,175.61K,0.45%
14-Mar-13,93.03,92.51,93.25,92.01,174.70K,0.55%
13-Mar-13,92.52,92.62,93.4,91.91,251.34K,-0.02%
12-Mar-13,92.54,91.94,93.47,91.6,283.11K,0.52%
11-Mar-13,92.06,91.83,92.15,90.89,194.61K,0.12%
8-Mar-13,91.95,91.42,92.03,90.83,219.96K,0.43%
7-Mar-13,91.56,90.42,91.73,90.22,234.92K,1.25%
6-Mar-13,90.43,90.83,91.17,89.55,244.17K,-0.43%
5-Mar-13,90.82,90.23,90.99,90.02,209.87K,0.78%
4-Mar-13,90.12,90.71,90.91,89.33,231.11K,-0.62%
1-Mar-13,90.68,91.76,91.97,90.04,248.47K,-1.49%
28-Feb-13,92.05,92.89,93.18,91.57,218.12K,-0.77%
27-Feb-13,92.76,92.72,93.37,92.18,201.51K,0.14%
26-Feb-13,92.63,91.92,93.44,91.92,230.84K,-0.52%
25-Feb-13,93.11,93.23,94.46,92.07,217.52K,-0.02%
22-Feb-13,93.13,92.96,93.48,92.44,204.26K,0.31%
21-Feb-13,92.84,94.72,94.92,92.63,286.43K,-1.72%
20-Feb-13,94.46,96.66,97.07,93.92,30.29K,-2.28%
19-Feb-13,96.66,95.97,96.73,95.25,118.31K,0.83%
15-Feb-13,95.86,97.34,97.47,95.21,223.59K,-1.49%
14-Feb-13,97.31,97.17,97.71,96.77,174.60K,0.31%
13-Feb-13,97.01,97.59,98.11,96.63,246.44K,-0.51%
12-Feb-13,97.51,96.96,97.79,96.68,239.80K,0.49%
11-Feb-13,97.03,95.79,97.09,94.97,283.96K,1.37%
8-Feb-13,95.72,95.92,96.57,95.27,229.24K,-0.11%
7-Feb-13,95.83,96.86,97.21,95.54,275.47K,-0.82%
6-Feb-13,96.62,96.64,96.99,95.04,282.80K,-0.02%
5-Feb-13,96.64,96.13,97.07,95.91,188.84K,0.49%
4-Feb-13,96.17,97.72,97.76,95.89,196.98K,-1.64%
1-Feb-13,97.77,97.42,98.15,96.51,270.28K,0.29%
31-Jan-13,97.49,97.96,98.04,96.84,230.63K,-0.46%
30-Jan-13,97.94,97.32,98.24,97.32,211.28K,0.38%
29-Jan-13,97.57,96.46,97.82,96.29,252.93K,1.17%
28-Jan-13,96.44,96.04,96.81,95.47,167.19K,0.58%
25-Jan-13,95.88,95.95,96.56,95.43,184.87K,-0.07%
24-Jan-13,95.95,95.5,96.68,95.12,232.04K,0.76%
23-Jan-13,95.23,96.76,96.92,94.95,318.01K,-1.05%
22-Jan-13,96.24,95.25,96.38,94.98,37.96K,0.71%
18-Jan-13,95.56,95.19,95.67,94.91,118.55K,0.07%
17-Jan-13,95.49,94.19,96.04,93.8,178.29K,1.33%
16-Jan-13,94.24,93.4,94.36,93.1,241.53K,1.03%
15-Jan-13,93.28,94.2,94.44,93.22,248.14K,-0.91%
14-Jan-13,94.14,93.74,94.29,92.95,248.60K,0.62%
11-Jan-13,93.56,93.87,94.13,92.65,257.82K,-0.28%
10-Jan-13,93.82,93.19,94.7,93.08,279.30K,0.77%
9-Jan-13,93.1,93.15,93.65,92.68,201.39K,-0.05%
8-Jan-13,93.15,93.32,93.8,92.67,195.87K,-0.04%
7-Jan-13,93.19,93.21,93.35,92.42,166.29K,0.11%
4-Jan-13,93.09,92.86,93.21,91.52,210.75K,0.18%
3-Jan-13,92.92,92.91,93.3,92.49,189.81K,-0.21%
2-Jan-13,93.12,91.78,93.87,91.56,203.87K,1.42%
31-Dec-12,91.82,90.41,91.99,90,119.53K,1.12%
28-Dec-12,90.8,91.15,91.49,90.32,131.37K,-0.08%
27-Dec-12,90.87,91,91.44,90.05,152.77K,-0.12%
26-Dec-12,90.98,88.62,91.3,88.59,141.60K,2.67%
24-Dec-12,88.61,88.6,88.86,88.2,48.52K,-0.06%
21-Dec-12,88.66,90.02,90.07,87.96,180.38K,-1.63%
20-Dec-12,90.13,89.69,90.54,89.26,178.14K,0.69%
19-Dec-12,89.51,87.94,89.9,87.81,36.81K,1.80%
18-Dec-12,87.93,87.45,88.16,87.21,93.13K,0.84%
17-Dec-12,87.2,86.88,87.71,86.48,157.23K,0.54%
14-Dec-12,86.73,86.13,86.92,86.05,218.27K,0.98%
13-Dec-12,85.89,86.77,86.97,85.81,228.42K,-1.01%
12-Dec-12,86.77,85.69,87.68,85.68,300.35K,1.14%
11-Dec-12,85.79,85.7,86.37,85.21,217.86K,0.27%
10-Dec-12,85.56,85.98,86.78,85.33,211.60K,-0.43%
7-Dec-12,85.93,86.39,86.92,85.77,244.99K,-0.38%
6-Dec-12,86.26,87.87,88.23,85.68,269.29K,-1.84%
5-Dec-12,87.88,88.5,89.05,87.46,220.85K,-0.70%
4-Dec-12,88.5,88.93,89.18,87.57,206.27K,-0.66%
3-Dec-12,89.09,88.85,90.33,88.66,235.99K,0.20%
30-Nov-12,88.91,87.66,88.99,87.47,216.21K,0.95%
29-Nov-12,88.07,86.57,88.69,86.55,270.03K,1.83%
28-Nov-12,86.49,87.33,87.34,85.36,249.74K,-0.79%
27-Nov-12,87.18,87.82,88.25,86.83,210.47K,-0.64%
26-Nov-12,87.74,88.21,88.29,87.27,156.59K,-0.61%
23-Nov-12,88.28,87.68,88.53,86.71,104.94K,1.03%
21-Nov-12,87.38,87.28,87.89,86.37,220.98K,0.73%
20-Nov-12,86.75,89.15,89.19,86.17,322.63K,-2.83%
19-Nov-12,89.28,87.3,89.8,87.11,247.08K,3.01%
16-Nov-12,86.67,85.28,87.01,85.02,40.71K,1.43%
15-Nov-12,85.45,86.36,86.83,84.68,168.10K,-1.01%
14-Nov-12,86.32,85.37,86.65,84.93,265.31K,1.10%
13-Nov-12,85.38,85.59,85.95,84.57,352.25K,-0.22%
12-Nov-12,85.57,86.19,86.54,85.27,280.69K,-0.58%
9-Nov-12,86.07,85,86.77,84.13,322.40K,1.15%
8-Nov-12,85.09,84.52,85.7,84.22,296.60K,0.77%
7-Nov-12,84.44,88.42,88.8,84.05,422.21K,-4.81%
6-Nov-12,88.71,85.67,89.22,85.42,303.43K,3.57%
5-Nov-12,85.65,84.65,85.9,84.34,221.40K,0.93%
2-Nov-12,84.86,86.91,87.24,84.66,297.31K,-2.56%
1-Nov-12,87.09,86.1,87.42,85.92,197.18K,0.99%
31-Oct-12,86.24,85.73,87.19,85.61,212.58K,0.65%
30-Oct-12,85.68,85.31,86.24,85.1,106.22K,0.16%
29-Oct-12,85.54,86.43,86.43,84.66,145.73K,-0.86%
26-Oct-12,86.28,86,86.37,85,212.38K,0.27%
25-Oct-12,86.05,85.65,86.75,85.23,208.68K,0.37%
24-Oct-12,85.73,86.6,87.47,84.94,298.16K,-1.08%
23-Oct-12,86.67,89.14,89.29,85.69,309.49K,-2.32%
22-Oct-12,88.73,89.52,90.8,88.21,23.96K,-1.47%
19-Oct-12,90.05,92.04,93.05,89.83,123.65K,-2.23%
18-Oct-12,92.1,92.06,92.59,90.66,184.65K,-0.02%
17-Oct-12,92.12,92.08,92.85,91.55,226.34K,0.03%
16-Oct-12,92.09,91.76,92.32,91.3,232.22K,0.26%
15-Oct-12,91.85,91.63,92.2,89.79,269.02K,-0.01%
12-Oct-12,91.86,92.41,92.64,91.16,198.46K,-0.23%
11-Oct-12,92.07,91.27,92.94,91.09,300.09K,0.90%
10-Oct-12,91.25,92.26,93.66,91.02,303.50K,-1.23%
9-Oct-12,92.39,89.62,92.91,89.29,378.04K,3.43%
8-Oct-12,89.33,89.85,89.89,88.21,202.69K,-0.61%
5-Oct-12,89.88,91.51,91.71,89.01,279.13K,-2.00%
4-Oct-12,91.71,88.01,91.84,87.91,291.39K,4.05%
3-Oct-12,88.14,91.64,91.82,87.7,339.51K,-4.08%
2-Oct-12,91.89,92.41,92.94,91.62,177.73K,-0.64%
1-Oct-12,92.48,92.15,93.33,91.26,216.01K,0.31%
28-Sep-12,92.19,92.35,92.71,91.4,210.20K,0.37%
27-Sep-12,91.85,90.08,92.39,89.88,237.29K,2.08%
26-Sep-12,89.98,90.82,91.34,88.95,272.06K,-1.52%
25-Sep-12,91.37,92.11,93.2,90.57,239.02K,-0.61%
24-Sep-12,91.93,93.18,93.18,91.06,188.32K,-1.03%
21-Sep-12,92.89,92.93,93.84,92.59,181.04K,1.11%
20-Sep-12,91.87,91.77,92.37,90.66,30.14K,-0.12%
19-Sep-12,91.98,95.49,96.17,91.25,133.04K,-3.47%
18-Sep-12,95.29,96.71,97.23,95.11,196.21K,-1.38%
17-Sep-12,96.62,99.15,99.52,94.65,308.27K,-2.40%
14-Sep-12,99,98.04,100.42,97.99,271.79K,0.70%
13-Sep-12,98.31,96.93,98.58,96.51,291.06K,1.34%
12-Sep-12,97.01,96.85,98.06,96.31,223.53K,-0.16%
11-Sep-12,97.17,96.29,97.31,96.08,222.01K,0.65%
10-Sep-12,96.54,96.24,96.63,95.34,222.00K,0.12%
7-Sep-12,96.42,94.7,96.74,94.08,293.03K,0.93%
6-Sep-12,95.53,96,97.71,94.59,327.08K,0.18%
5-Sep-12,95.36,95.61,96.03,94.26,233.04K,0.06%
4-Sep-12,95.3,96.38,97.37,94.97,256.15K,-1.21%
31-Aug-12,96.47,94.75,96.92,94.51,249.06K,1.96%
30-Aug-12,94.62,95.3,95.6,93.95,192.46K,-0.91%
29-Aug-12,95.49,96.08,96.37,94.76,185.89K,-0.87%
28-Aug-12,96.33,95.66,96.54,95.14,198.46K,0.90%
27-Aug-12,95.47,96.67,97.72,94.41,230.84K,-0.71%
24-Aug-12,96.15,96.06,97.17,95.41,204.23K,-0.12%
23-Aug-12,96.27,97.3,98.29,95.75,225.16K,-1.02%
22-Aug-12,97.26,96.94,97.54,96.26,217.44K,0.60%
21-Aug-12,96.68,95.97,97.6,95.81,33.07K,0.74%
20-Aug-12,95.97,96.36,96.53,95.02,113.31K,-0.04%
17-Aug-12,96.01,95.23,96.28,94.98,162.59K,0.43%
16-Aug-12,95.6,94.21,95.75,93.93,212.63K,1.35%
15-Aug-12,94.33,93.25,94.9,92.68,281.64K,0.96%
14-Aug-12,93.43,92.71,93.92,92.56,200.41K,0.75%
13-Aug-12,92.73,93.25,94.14,92.05,280.27K,-0.15%
10-Aug-12,92.87,93.46,93.87,91.71,224.51K,-0.52%
9-Aug-12,93.36,93.43,94.21,93.07,258.64K,0.01%
8-Aug-12,93.35,93.41,94.72,92.82,269.93K,-0.34%
7-Aug-12,93.67,92.05,94.42,91.78,260.01K,1.59%
6-Aug-12,92.2,91.34,92.33,90.63,194.37K,0.88%
3-Aug-12,91.4,87.26,91.74,87.23,301.78K,4.90%
2-Aug-12,87.13,88.87,89.63,86.92,302.70K,-2.00%
1-Aug-12,88.91,88.03,89.47,87.51,281.20K,0.97%
31-Jul-12,88.06,89.67,90.3,87.31,282.85K,-1.92%
30-Jul-12,89.78,90.14,90.95,89.33,191.10K,-0.39%
27-Jul-12,90.13,89.43,90.45,89.13,210.41K,0.83%
26-Jul-12,89.39,89.1,90.47,88.07,233.40K,0.47%
25-Jul-12,88.97,88.2,89.36,86.84,289.55K,0.53%
24-Jul-12,88.5,88.05,89.09,87.43,309.87K,0.41%
23-Jul-12,88.14,91.61,91.64,87.91,290.36K,-3.61%
20-Jul-12,91.44,92.22,92.3,90.66,22.10K,-1.32%
19-Jul-12,92.66,90.08,92.94,89.86,102.93K,3.10%
18-Jul-12,89.87,89.13,90.04,88.59,192.85K,0.73%
17-Jul-12,89.22,88.26,89.46,87.41,262.79K,0.89%
16-Jul-12,88.43,87.13,88.48,86.41,223.12K,1.53%
13-Jul-12,87.1,85.86,87.61,85.58,260.83K,1.18%
12-Jul-12,86.08,86.2,86.37,84.21,240.73K,0.31%
11-Jul-12,85.81,84.01,86.49,84.01,307.82K,2.26%
10-Jul-12,83.91,85.84,85.95,83.65,291.41K,-2.42%
9-Jul-12,85.99,84.2,86.48,84,256.90K,1.82%
6-Jul-12,84.45,86.73,87.13,84.02,296.20K,-3.18%
5-Jul-12,87.22,87.75,88.98,86.5,368.62K,-0.50%
3-Jul-12,87.66,83.67,88.04,83.33,336.19K,4.67%
2-Jul-12,83.75,84.65,85.05,82.1,299.10K,-1.42%
29-Jun-12,84.96,78.46,85.34,78.28,439.01K,9.36%
28-Jun-12,77.69,80.48,80.84,77.28,310.15K,-3.14%
27-Jun-12,80.21,79.47,80.92,78.68,253.01K,1.07%
26-Jun-12,79.36,79.23,79.68,78.36,253.30K,0.19%
25-Jun-12,79.21,80.2,80.68,78.03,249.00K,-0.69%
22-Jun-12,79.76,78.11,80.37,77.56,293.22K,1.99%
21-Jun-12,78.2,81.08,81.2,77.93,376.97K,-4.40%
20-Jun-12,81.8,84.04,84.34,80.91,37.37K,-2.65%
19-Jun-12,84.03,83.06,84.41,82.28,109.01K,0.91%
18-Jun-12,83.27,85.09,85.6,82.04,216.96K,-0.90%
15-Jun-12,84.03,84.33,84.8,83.42,216.55K,0.14%
14-Jun-12,83.91,82.44,84.42,82.27,278.94K,1.56%
13-Jun-12,82.62,83.51,84.01,82.15,327.54K,-0.84%
12-Jun-12,83.32,81.18,83.72,81.07,320.80K,0.75%
11-Jun-12,82.7,85.72,86.64,81.11,343.21K,-1.66%
8-Jun-12,84.1,83.63,84.67,82,304.64K,-0.85%
7-Jun-12,84.82,85.5,87.03,83.43,339.00K,-0.24%
6-Jun-12,85.02,84.12,86.27,84.03,313.10K,0.87%
5-Jun-12,84.29,84.14,84.92,83.31,246.36K,0.37%
4-Jun-12,83.98,82.96,84.38,81.21,309.78K,0.90%
1-Jun-12,83.23,86.44,86.59,82.29,407.58K,-3.81%
31-May-12,86.53,87.55,88.28,85.86,345.43K,-1.47%
30-May-12,87.82,90.86,90.92,87.27,297.20K,-3.24%
29-May-12,90.76,91,92.21,90.25,262.56K,-0.11%
25-May-12,90.86,90.79,91.32,90.2,153.92K,0.22%
24-May-12,90.66,90.53,91.52,89.81,231.52K,0.85%
23-May-12,89.9,91.54,91.72,89.28,275.52K,-1.92%
22-May-12,91.66,92.64,93.01,91.39,27.36K,-0.98%
21-May-12,92.57,91.27,93.06,90.84,107.24K,1.19%
18-May-12,91.48,92.86,92.88,90.93,211.75K,-1.17%
17-May-12,92.56,92.77,93.88,92.09,280.07K,-0.27%
16-May-12,92.81,93.16,94.16,91.81,308.37K,-1.24%
15-May-12,93.98,93.91,95.48,93.02,284.71K,-0.84%
14-May-12,94.78,95.79,95.83,93.65,251.99K,-1.40%
11-May-12,96.13,96.53,97.2,95.56,260.54K,-0.98%
10-May-12,97.08,96.45,97.69,96.08,282.31K,0.28%
9-May-12,96.81,97.38,97.39,95.17,332.87K,-0.21%
8-May-12,97.01,97.96,98.12,95.52,333.77K,-0.95%
7-May-12,97.94,98.05,98.24,95.34,300.47K,-0.56%
4-May-12,98.49,102.59,102.72,97.51,443.06K,-3.95%
3-May-12,102.54,105.39,105.42,102.36,316.88K,-2.55%
2-May-12,105.22,105.98,106.05,104.91,256.65K,-0.89%
1-May-12,106.16,104.89,106.43,104.39,245.92K,1.23%
30-Apr-12,104.87,104.93,105.16,103.88,211.45K,-0.06%
27-Apr-12,104.93,104.1,105,103.74,182.10K,0.36%
26-Apr-12,104.55,103.96,104.92,103.84,192.83K,0.41%
25-Apr-12,104.12,103.76,104.57,103.11,276.65K,0.55%
24-Apr-12,103.55,103.11,104.1,102.79,196.14K,0.43%
23-Apr-12,103.11,103.82,103.9,101.82,213.20K,0.06%
20-Apr-12,103.05,102.57,104.27,102.45,23.58K,0.76%
19-Apr-12,102.27,102.73,103.21,101.67,91.40K,-0.39%
18-Apr-12,102.67,104.22,104.51,102.19,195.81K,-1.47%
17-Apr-12,104.2,103.15,105.07,102.66,244.52K,1.23%
16-Apr-12,102.93,102.8,103.37,101.8,284.96K,0.10%
13-Apr-12,102.83,103.66,103.9,102.61,227.26K,-0.78%
12-Apr-12,103.64,102.55,104.24,102.39,271.29K,0.92%
11-Apr-12,102.7,100.94,103.13,100.84,283.01K,1.66%
10-Apr-12,101.02,102.33,102.96,100.68,312.93K,-1.41%
9-Apr-12,102.46,102.53,102.6,100.81,205.92K,-0.82%
5-Apr-12,103.31,101.96,103.4,101.37,242.90K,1.81%
4-Apr-12,101.47,104.09,104.12,101.08,300.73K,-2.44%
3-Apr-12,104.01,105.04,105.18,103.59,245.54K,-1.16%
2-Apr-12,105.23,103.27,105.49,102.06,278.10K,2.15%
30-Mar-12,103.02,103.29,104.15,102.78,244.16K,0.23%
29-Mar-12,102.78,105.58,105.7,102.13,319.99K,-2.50%
28-Mar-12,105.41,106.81,106.94,104.67,309.06K,-1.79%
27-Mar-12,107.33,107.09,107.73,106.52,209.04K,0.28%
26-Mar-12,107.03,106.79,107.32,106.19,162.28K,0.15%
23-Mar-12,106.87,105.52,108.25,105.16,260.27K,1.44%
22-Mar-12,105.35,106.81,107.12,104.5,295.47K,-1.79%
21-Mar-12,107.27,106.33,107.64,106.06,252.60K,1.57%
20-Mar-12,105.61,107.82,107.91,105.35,26.44K,-2.29%
19-Mar-12,108.09,107.18,108.24,106.55,110.35K,0.96%
16-Mar-12,107.06,105.44,107.34,105.13,192.99K,1.86%
15-Mar-12,105.11,105.5,106.18,103.78,371.04K,-0.30%
14-Mar-12,105.43,106.69,107.02,105.12,283.51K,-1.20%
13-Mar-12,106.71,106.55,107.35,105.67,282.35K,0.35%
12-Mar-12,106.34,107.5,107.56,105.38,234.73K,-0.99%
9-Mar-12,107.4,106.91,108.2,106.13,292.69K,0.77%
8-Mar-12,106.58,106.24,107.2,105.84,296.55K,0.40%
7-Mar-12,106.16,104.93,106.55,104.35,333.24K,1.39%
6-Mar-12,104.7,107.11,107.34,104.51,332.56K,-1.89%
5-Mar-12,106.72,106.75,107.42,105.5,237.45K,0.02%
2-Mar-12,106.7,108.75,109.03,105.8,299.66K,-1.97%
1-Mar-12,108.84,106.82,110.55,106.55,389.84K,1.65%
29-Feb-12,107.07,106.46,107.43,104.84,353.13K,0.49%
28-Feb-12,106.55,107.95,108.79,106.3,278.72K,-1.85%
27-Feb-12,108.56,109.67,109.77,107.27,277.60K,-1.10%
24-Feb-12,109.77,108.66,109.95,107.95,267.71K,1.80%
23-Feb-12,107.83,105.95,108.74,105.45,325.66K,1.46%
22-Feb-12,106.28,106.01,106.72,105.61,241.33K,0.42%
21-Feb-12,105.84,104.65,106.07,104.26,32.98K,2.52%
17-Feb-12,103.24,102.35,104.14,102.25,134.50K,0.91%
16-Feb-12,102.31,101.9,102.69,100.84,197.31K,0.50%
15-Feb-12,101.8,100.9,102.54,100.61,278.27K,1.05%
14-Feb-12,100.74,100.73,101.84,100.28,314.29K,-0.17%
13-Feb-12,100.91,99.33,100.87,99.09,268.06K,2.27%
10-Feb-12,98.67,99.89,99.89,97.32,307.56K,-1.17%
9-Feb-12,99.84,99.1,100.18,98.66,295.43K,1.14%
8-Feb-12,98.71,98.77,100.09,98.1,364.74K,0.30%
7-Feb-12,98.41,97.13,99.13,95.84,400.23K,1.55%
6-Feb-12,96.91,97.74,97.75,96.38,257.72K,-0.95%
3-Feb-12,97.84,96.61,98.03,96.01,318.64K,1.54%
2-Feb-12,96.36,97.11,97.99,95.44,331.24K,-1.28%
1-Feb-12,97.61,98.38,99.49,97.11,293.55K,-0.88%
31-Jan-12,98.48,98.88,101.29,97.86,373.89K,-0.30%
30-Jan-12,98.78,100,100.05,98.43,215.83K,-0.78%
27-Jan-12,99.56,99.93,100.63,99.13,253.46K,-0.14%
26-Jan-12,99.7,99.96,101.39,99.23,260.74K,0.30%
25-Jan-12,99.4,99.2,100.4,97.53,322.79K,0.45%
24-Jan-12,98.95,99.88,100.18,98.25,242.48K,-0.63%
23-Jan-12,99.58,98.34,100.24,97.4,238.96K,1.14%
20-Jan-12,98.46,100.39,100.74,97.91,34.90K,-1.92%
19-Jan-12,100.39,101.14,102.06,99.98,120.17K,-0.20%
18-Jan-12,100.59,100.91,102.06,99.84,269.39K,-0.12%
17-Jan-12,100.71,98.95,101.01,98.6,322.04K,2.04%
13-Jan-12,98.7,99.2,100.19,97.7,335.62K,-0.40%
12-Jan-12,99.1,101,102.98,98.5,370.51K,-1.75%
11-Jan-12,100.87,102.2,102.46,100.55,311.64K,-1.34%
10-Jan-12,102.24,101.3,103.41,101.3,291.27K,0.92%
9-Jan-12,101.31,101.92,102.15,100.1,311.87K,-0.25%
6-Jan-12,101.56,101.35,102.8,100.88,290.46K,-0.25%
5-Jan-12,101.81,103.29,103.73,101.3,295.62K,-1.37%
4-Jan-12,103.22,102.99,103.74,101.88,271.71K,0.25%
3-Jan-12,102.96,99.7,103.18,99.65,275.48K,4.18%
30-Dec-11,98.83,99.78,100.16,98.61,154.06K,-0.82%
29-Dec-11,99.65,99.59,99.92,98.3,153.92K,0.29%
28-Dec-11,99.36,101.25,101.71,99.11,164.66K,-1.95%
27-Dec-11,101.34,99.92,101.77,99.37,124.24K,1.67%
23-Dec-11,99.68,99.48,100.23,99.24,95.27K,0.15%
22-Dec-11,99.53,99.03,100.05,98.51,151.56K,0.87%
21-Dec-11,98.67,97.53,99.25,96.8,219.51K,1.49%
20-Dec-11,97.22,94.14,97.45,94.14,35.84K,3.56%
19-Dec-11,93.88,93.76,94.42,92.54,114.56K,0.37%
16-Dec-11,93.53,93.42,94.79,92.52,205.89K,-0.36%
15-Dec-11,93.87,94.89,95.99,93.31,273.76K,-1.14%
14-Dec-11,94.95,100.33,100.33,94.21,377.48K,-5.18%
13-Dec-11,100.14,97.85,101.25,97.64,380.75K,2.42%
12-Dec-11,97.77,99.58,99.68,97.54,279.15K,-1.65%
9-Dec-11,99.41,98.08,99.91,97.36,318.77K,1.09%
8-Dec-11,98.34,100.84,101.73,97.71,340.68K,-2.14%
7-Dec-11,100.49,101.11,101.94,99.67,330.53K,-0.78%
6-Dec-11,101.28,100.45,101.42,100.2,217.03K,0.29%
5-Dec-11,100.99,101.23,102.44,100.24,239.38K,0.03%
2-Dec-11,100.96,100,101.56,99.76,245.92K,0.76%
1-Dec-11,100.2,100.51,101.17,98.87,275.86K,-0.16%
30-Nov-11,100.36,99.48,101.75,98.92,302.86K,0.57%
29-Nov-11,99.79,97.75,100.15,97.23,320.86K,1.61%
28-Nov-11,98.21,97.5,100.74,97.13,311.74K,1.49%
25-Nov-11,96.77,95.79,97.55,94.99,185.84K,0.62%
23-Nov-11,96.17,97.79,97.87,95.35,283.45K,-1.88%
22-Nov-11,98.01,97.2,98.7,96.55,319.25K,1.12%
21-Nov-11,96.92,97.54,97.86,95.24,279.10K,-0.50%
18-Nov-11,97.41,98.61,100.15,96.64,38.55K,-1.43%
17-Nov-11,98.82,101.76,103.37,98.28,194.04K,-3.67%
16-Nov-11,102.59,99.32,102.89,98.39,379.61K,3.24%
15-Nov-11,99.37,98.04,99.84,97.51,353.32K,1.25%
14-Nov-11,98.14,99.3,99.69,97.19,351.52K,-0.86%
11-Nov-11,98.99,97.51,99.4,97.35,282.79K,1.24%
10-Nov-11,97.78,95.75,98.35,95.2,347.73K,2.13%
9-Nov-11,95.74,96.81,97.84,94.54,445.71K,-1.10%
8-Nov-11,96.8,95.87,97.08,95.23,313.57K,1.34%
7-Nov-11,95.52,94.4,96.11,93.23,321.19K,1.34%
4-Nov-11,94.26,94.24,94.93,92.87,295.46K,0.20%
3-Nov-11,94.07,92.99,94.61,90.87,299.99K,1.69%
2-Nov-11,92.51,91.6,93.79,90.97,265.63K,0.35%
1-Nov-11,92.19,92.58,92.88,89.17,351.34K,-1.07%
31-Oct-11,93.19,93.53,93.8,91.36,228.56K,-0.14%
28-Oct-11,93.32,93.93,93.93,92.01,276.76K,-0.68%
27-Oct-11,93.96,90.98,94.25,90.74,327.45K,4.17%
26-Oct-11,90.2,92.59,93.92,90,411.45K,-3.19%
25-Oct-11,93.17,91.69,94.65,91.1,489.37K,2.08%
24-Oct-11,91.27,87.05,91.88,87,484.14K,4.43%
21-Oct-11,87.4,86.5,88.89,85.95,296.56K,2.46%
20-Oct-11,85.3,86.1,86.94,84.1,31.26K,-0.94%
19-Oct-11,86.11,88.26,89.51,85.87,112.02K,-2.52%
18-Oct-11,88.34,86.2,89.03,85.55,203.77K,2.27%
17-Oct-11,86.38,87.48,88.18,85.88,227.30K,-0.48%
14-Oct-11,86.8,84.47,87.42,83.77,274.85K,3.05%
13-Oct-11,84.23,84.93,85.39,83.17,360.27K,-1.57%
12-Oct-11,85.57,85.2,86.59,84.52,294.23K,-0.28%
11-Oct-11,85.81,85.7,86.64,83.97,362.32K,0.47%
10-Oct-11,85.41,82.75,86.09,82.75,264.83K,2.93%
7-Oct-11,82.98,82.57,84,81.36,377.54K,0.47%
6-Oct-11,82.59,79.71,82.9,79.08,386.09K,3.65%
5-Oct-11,79.68,78.25,79.91,76.94,336.07K,5.30%
4-Oct-11,75.67,76.4,78.4,74.95,428.11K,-2.50%
3-Oct-11,77.61,78.92,79.64,76.25,392.78K,-2.01%
30-Sep-11,79.2,83.07,83.23,78.53,367.96K,-3.58%
29-Sep-11,82.14,80.67,83.98,79.64,351.35K,1.15%
28-Sep-11,81.21,83.76,84.62,80.49,282.85K,-3.84%
27-Sep-11,84.45,81.48,84.77,80.92,313.57K,5.25%
26-Sep-11,80.24,79.64,81.56,77.11,325.67K,0.49%
23-Sep-11,79.85,80.4,81.81,77.55,427.57K,-0.82%
22-Sep-11,80.51,84.81,85,79.66,460.00K,-6.30%
21-Sep-11,85.92,86.51,87.99,84.65,298.91K,-1.12%
20-Sep-11,86.89,85.84,87.46,85.11,30.00K,1.39%
19-Sep-11,85.7,87.75,87.75,84.79,132.22K,-2.57%
16-Sep-11,87.96,89.11,89.78,87,210.96K,-1.61%
15-Sep-11,89.4,88.6,90.15,88.01,296.29K,0.55%
14-Sep-11,88.91,89.88,90.25,88.21,330.98K,-1.44%
13-Sep-11,90.21,88.95,90.52,87.81,364.26K,2.29%
12-Sep-11,88.19,86.7,88.97,85,355.07K,1.09%
9-Sep-11,87.24,88.77,89.5,85.64,349.24K,-2.03%
8-Sep-11,89.05,90.11,90.23,88.4,336.73K,-0.32%
7-Sep-11,89.34,86.5,90.48,86.15,313.73K,3.86%
6-Sep-11,86.02,86.46,86.6,83.2,316.17K,-0.50%
2-Sep-11,86.45,88.78,88.99,85.42,307.28K,-2.79%
1-Sep-11,88.93,88.73,89.9,88.21,282.34K,0.14%
31-Aug-11,88.81,88.79,89.54,87.67,317.70K,-0.10%
30-Aug-11,88.9,87.51,89.21,86.46,315.38K,1.87%
29-Aug-11,87.27,85.33,87.62,85.11,208.61K,2.23%
26-Aug-11,85.37,85.09,85.64,82.95,283.26K,0.08%
25-Aug-11,85.3,85.17,86.56,83.01,357.82K,0.16%
24-Aug-11,85.16,85.67,86.59,84.55,294.93K,-0.33%
23-Aug-11,85.44,84.45,86.39,83.4,353.95K,1.57%
22-Aug-11,84.12,82.42,84.67,81.13,30.15K,2.26%
19-Aug-11,82.26,81.3,83.55,79.17,148.81K,-0.15%
18-Aug-11,82.38,87.41,87.53,81.15,331.28K,-5.94%
17-Aug-11,87.58,87.1,89,86.65,344.49K,1.07%
16-Aug-11,86.65,87.68,87.93,85.62,375.34K,-1.40%
15-Aug-11,87.88,85.59,88.05,84.4,292.80K,2.93%
12-Aug-11,85.38,85.55,87.37,84.02,350.09K,-0.40%
11-Aug-11,85.72,81.95,85.97,81.03,502.09K,3.41%
10-Aug-11,82.89,81.9,83.14,79.53,520.14K,4.53%
9-Aug-11,79.3,81.1,83.05,75.71,605.80K,-2.47%
8-Aug-11,81.31,85.71,85.73,80.17,521.07K,-6.41%
5-Aug-11,86.88,86.5,88.32,82.87,512.49K,0.29%
4-Aug-11,86.63,91.94,92.59,86.04,535.94K,-5.77%
3-Aug-11,91.93,93.15,93.75,91.22,350.22K,-1.98%
2-Aug-11,93.79,95.02,95.68,93.08,328.18K,-1.16%
1-Aug-11,94.89,96.2,98.6,93.42,398.86K,-0.85%
29-Jul-11,95.7,97.16,97.39,94.95,284.39K,-1.79%
28-Jul-11,97.44,97.27,98.01,96.51,236.25K,0.04%
27-Jul-11,97.4,99.18,99.5,97.14,304.52K,-2.20%
26-Jul-11,99.59,99.15,100.62,97.76,332.69K,0.39%
25-Jul-11,99.2,99.76,99.87,98.52,205.21K,-0.67%
22-Jul-11,99.87,99.2,100.19,98.43,223.27K,0.75%
21-Jul-11,99.13,98.36,100.16,97.2,293.97K,1.01%
20-Jul-11,98.14,98.11,99.02,96.64,35.29K,0.66%
19-Jul-11,97.5,96.16,98.65,95.93,138.05K,1.64%
18-Jul-11,95.93,97.37,97.69,94.69,203.97K,-1.35%
15-Jul-11,97.24,96.03,97.74,95.21,266.46K,1.62%
14-Jul-11,95.69,97.59,98.88,94.53,403.42K,-2.41%
13-Jul-11,98.05,96.72,99.21,96.53,355.10K,0.64%
12-Jul-11,97.43,95.09,97.5,93.55,343.49K,2.40%
11-Jul-11,95.15,96.1,96.75,94.14,311.45K,-1.09%
8-Jul-11,96.2,98.79,99.18,95.6,348.00K,-2.50%
7-Jul-11,98.67,97.04,99.42,96.99,339.27K,2.09%
6-Jul-11,96.65,97,97.79,95.9,288.32K,-0.25%
5-Jul-11,96.89,94.98,97.48,94.34,275.65K,2.05%
1-Jul-11,94.94,95.12,95.39,93.45,263.63K,-0.50%
30-Jun-11,95.42,95.08,95.82,93.88,276.58K,0.69%
29-Jun-11,94.77,93.37,95.84,92.66,348.79K,2.02%
28-Jun-11,92.89,90.71,93.37,90.44,279.02K,2.52%
27-Jun-11,90.61,91.16,91.3,89.61,278.68K,-0.60%
24-Jun-11,91.16,92.29,92.34,89.82,337.77K,0.15%
23-Jun-11,91.02,94.4,94.47,89.69,484.06K,-4.60%
22-Jun-11,95.41,93.76,95.7,93.24,296.28K,2.15%
21-Jun-11,93.4,93.49,94.74,92.5,41.37K,0.15%
20-Jun-11,93.26,92.8,93.49,91.14,136.84K,0.27%
17-Jun-11,93.01,95.1,95.4,91.84,245.01K,-2.04%
16-Jun-11,94.95,95.29,95.75,94.29,336.01K,0.15%
15-Jun-11,94.81,99.68,99.95,94.01,508.72K,-4.59%
14-Jun-11,99.37,97.09,99.64,96.51,347.72K,2.13%
13-Jun-11,97.3,98.77,99.32,96.13,381.99K,-2.00%
10-Jun-11,99.29,101.84,102.15,98.6,379.24K,-2.59%
9-Jun-11,101.93,100.83,102.44,100.74,345.54K,1.18%
8-Jun-11,100.74,99.58,101.89,98.02,484.28K,1.67%
7-Jun-11,99.09,98.82,99.75,97.74,415.37K,0.08%
6-Jun-11,99.01,100.42,100.68,98.55,289.67K,-1.21%
3-Jun-11,100.22,100.87,100.87,98.12,351.31K,-0.18%
2-Jun-11,100.4,99.79,100.93,98.46,389.64K,0.11%
1-Jun-11,100.29,102.68,103.31,99.63,376.48K,-2.35%
31-May-11,102.7,100.69,103.39,99.6,319.04K,2.10%
27-May-11,100.59,100.16,101.24,100.04,212.25K,0.36%
26-May-11,100.23,101.24,101.9,99.61,332.14K,-1.08%
25-May-11,101.32,99.27,101.63,98.2,354.88K,1.74%
24-May-11,99.59,97.54,100.09,96.61,339.53K,1.93%
23-May-11,97.7,99.68,100.04,96.37,296.83K,-1.80%
20-May-11,99.49,98.6,99.9,95.99,33.93K,1.07%
19-May-11,98.44,99.76,100.79,98.16,142.67K,-1.66%
18-May-11,100.1,97.57,100.99,97.46,285.30K,3.29%
17-May-11,96.91,96.98,97.81,95.02,399.13K,-0.47%
16-May-11,97.37,99.36,99.65,96.83,335.32K,-2.29%
13-May-11,99.65,98.81,100.7,97.09,367.72K,0.69%
12-May-11,98.97,98.59,100.49,95.25,522.50K,0.77%
11-May-11,98.21,103.69,104.6,97.5,524.76K,-5.46%
10-May-11,103.88,102.44,103.95,100.12,439.61K,1.30%
9-May-11,102.55,98.11,103.4,97.42,469.29K,5.53%
6-May-11,97.18,99.76,102.38,94.63,606.53K,-2.63%
5-May-11,99.8,108.78,109.38,98.25,670.08K,-8.64%
4-May-11,109.24,110.68,111.22,108.48,333.02K,-1.63%
3-May-11,111.05,112.98,113.22,110.3,300.33K,-2.18%
2-May-11,113.52,113.89,114.83,110.82,310.99K,-0.36%
29-Apr-11,113.93,112.82,114.18,112.25,201.83K,0.95%
28-Apr-11,112.86,113.13,113.97,111.69,301.60K,0.09%
27-Apr-11,112.76,111.89,113.4,110.71,338.70K,0.49%
26-Apr-11,112.21,112.15,112.64,111.12,234.44K,-0.06%
25-Apr-11,112.28,112.34,113.48,111.08,209.68K,-0.01%
21-Apr-11,112.29,111.37,112.48,111,240.46K,0.75%
20-Apr-11,111.45,108.45,111.66,107.96,291.55K,3.05%
19-Apr-11,108.15,107.52,108.45,105.5,37.09K,0.96%
18-Apr-11,107.12,109.43,109.44,106.54,138.18K,-2.32%
15-Apr-11,109.66,108.45,110.1,107.21,224.39K,1.43%
14-Apr-11,108.11,107.32,108.55,105.77,352.07K,0.93%
13-Apr-11,107.11,106.02,107.43,105.31,456.86K,0.81%
12-Apr-11,106.25,108.97,110.24,105.47,555.63K,-3.34%
11-Apr-11,109.92,113.28,113.46,108.68,364.35K,-2.54%
8-Apr-11,112.79,110.32,113.21,110.11,319.48K,2.26%
7-Apr-11,110.3,108.67,110.44,108.23,334.91K,1.35%
6-Apr-11,108.83,107.99,109.15,107.72,255.60K,0.45%
5-Apr-11,108.34,108.2,108.6,107.5,249.36K,-0.12%
4-Apr-11,108.47,108.29,108.78,107.58,228.49K,0.49%
1-Apr-11,107.94,106.62,108.47,106.3,283.71K,1.14%
31-Mar-11,106.72,104.31,106.83,104.12,270.63K,2.35%
30-Mar-11,104.27,104.45,105.15,103.44,256.90K,-0.50%
29-Mar-11,104.79,103.94,105,102.7,246.82K,0.78%
28-Mar-11,103.98,105.43,105.76,103.6,223.08K,-1.35%
25-Mar-11,105.4,105.46,105.95,104.5,235.66K,-0.19%
24-Mar-11,105.6,105.52,106.69,104.76,258.02K,-0.14%
23-Mar-11,105.75,104.85,106.34,104.38,254.57K,1.68%
22-Mar-11,104,102.1,104.54,101.43,31.92K,1.63%
21-Mar-11,102.33,102.12,103.35,101.66,103.96K,1.25%
18-Mar-11,101.07,101.78,103.66,100.14,217.68K,-0.35%
17-Mar-11,101.42,98.1,101.99,96.6,261.57K,3.51%
16-Mar-11,97.98,97.4,99.6,96.22,357.94K,0.82%
15-Mar-11,97.18,101.86,101.87,96.71,388.74K,-3.96%
14-Mar-11,101.19,100.31,101.89,98.47,289.43K,0.03%
11-Mar-11,101.16,102.64,103,99.01,342.53K,-1.50%
10-Mar-11,102.7,104.45,105.06,100.62,432.99K,-1.61%
9-Mar-11,104.38,104.96,105.92,103.9,353.95K,-0.61%
8-Mar-11,105.02,104.85,105.79,104.49,420.04K,-0.40%
7-Mar-11,105.44,104.65,106.95,104.25,404.44K,0.98%
4-Mar-11,104.42,101.7,105.17,101.54,369.15K,2.46%
3-Mar-11,101.91,102.39,102.94,100.15,382.56K,-0.31%
2-Mar-11,102.23,100.48,102.5,99.21,446.38K,2.61%
1-Mar-11,99.63,96.97,100.69,96.37,322.43K,2.74%
28-Feb-11,96.97,98.5,99.96,96.71,262.00K,-0.93%
25-Feb-11,97.88,96.63,99.2,96.17,307.90K,0.62%
24-Feb-11,97.28,98.97,103.41,95.62,507.46K,-0.84%
23-Feb-11,98.1,95.68,100,95.14,489.67K,4.84%
22-Feb-11,93.57,86.38,94.49,86.25,37.93K,8.55%
18-Feb-11,86.2,86.4,87.88,85.65,155.30K,-0.19%
17-Feb-11,86.36,85.25,86.63,84.38,176.13K,1.61%
16-Feb-11,84.99,84.44,85.95,84.12,297.66K,0.79%
15-Feb-11,84.32,84.84,85.97,83.85,284.17K,-0.58%
14-Feb-11,84.81,85.5,86.52,84.58,319.33K,-0.90%
11-Feb-11,85.58,87.7,87.77,85.1,383.39K,-1.33%
10-Feb-11,86.73,86.93,87.9,85.96,419.19K,0.02%
9-Feb-11,86.71,87.35,87.95,86.36,367.21K,-0.26%
8-Feb-11,86.94,87.41,88.11,85.88,414.88K,-0.62%
7-Feb-11,87.48,89.06,89.54,87.18,324.98K,-1.74%
4-Feb-11,89.03,90.63,91.67,88.45,359.93K,-1.67%
3-Feb-11,90.54,90.93,92.05,90,290.49K,-0.35%
2-Feb-11,90.86,90.51,91.78,90.1,312.11K,0.10%
1-Feb-11,90.77,92.2,92.45,90.33,392.88K,-1.54%
31-Jan-11,92.19,89.97,92.84,88.4,436.80K,3.19%
28-Jan-11,89.34,85.28,89.73,85.11,584.79K,4.32%
27-Jan-11,85.64,87.55,87.66,85.21,369.38K,-1.94%
26-Jan-11,87.33,86.23,87.79,86.03,347.75K,1.32%
25-Jan-11,86.19,87.7,87.85,86.12,338.65K,-1.91%
24-Jan-11,87.87,89.26,89.63,87.27,356.09K,-1.39%
21-Jan-11,89.11,89.45,90.22,88.87,287.81K,0.28%
20-Jan-11,88.86,90.7,90.86,88,25.96K,-2.20%
19-Jan-11,90.86,91.34,92.1,90.47,109.53K,-0.57%
18-Jan-11,91.38,91.51,91.9,90.55,211.93K,-0.17%
14-Jan-11,91.54,90.99,91.69,90.1,313.33K,0.15%
13-Jan-11,91.4,92,92.37,90.75,358.90K,-0.50%
12-Jan-11,91.86,91.18,92.39,90.79,382.69K,0.82%
11-Jan-11,91.11,89.31,91.39,88.93,429.76K,2.08%
10-Jan-11,89.25,89,89.98,88.13,430.28K,1.39%
7-Jan-11,88.03,88.18,89.48,87.25,444.81K,-0.40%
6-Jan-11,88.38,90.47,90.71,87.85,440.46K,-2.13%
5-Jan-11,90.3,89.29,90.84,88.1,416.91K,1.03%
4-Jan-11,89.38,91.5,92.07,88.36,415.52K,-2.37%
3-Jan-11,91.55,91.31,92.58,91.21,225.19K,0.19%
31-Dec-10,91.38,89.67,92.06,89.05,171.01K,1.71%
30-Dec-10,89.84,90.98,91.4,89.02,209.65K,-1.40%
29-Dec-10,91.12,91.27,91.53,90.8,117.85K,-0.40%
28-Dec-10,91.49,90.79,91.67,90.75,104.42K,0.54%
27-Dec-10,91,91.07,91.88,90.51,104.32K,-0.56%
23-Dec-10,91.51,90.61,91.63,90.33,145.01K,1.14%
22-Dec-10,90.48,89.99,90.8,89.85,187.39K,0.73%
21-Dec-10,89.82,89.22,90.1,89.06,187.32K,1.14%
20-Dec-10,88.81,88.18,88.98,87.26,33.05K,0.90%
17-Dec-10,88.02,87.87,88.52,87.01,152.40K,0.36%
16-Dec-10,87.7,88.48,88.65,87.63,221.15K,-1.04%
15-Dec-10,88.62,88.28,89.09,86.83,355.06K,0.39%
14-Dec-10,88.28,88.19,88.95,87.74,281.85K,-0.37%
13-Dec-10,88.61,87.68,89.49,87.44,329.77K,0.93%
10-Dec-10,87.79,88.51,89,87.1,313.84K,-0.66%
9-Dec-10,88.37,88.55,89.42,87.71,353.96K,0.10%
8-Dec-10,88.28,88.35,88.99,87.33,383.14K,-0.46%
7-Dec-10,88.69,88.92,90.76,88.04,462.69K,-0.77%
6-Dec-10,89.38,89.44,89.76,88.56,293.84K,0.21%
3-Dec-10,89.19,87.94,89.49,87.14,354.64K,1.35%
2-Dec-10,88,86.8,88.13,86.27,330.64K,1.44%
1-Dec-10,86.75,83.66,86.95,83.63,340.74K,3.14%
30-Nov-10,84.11,85.81,85.9,83.55,338.36K,-1.89%
29-Nov-10,85.73,83.9,85.9,83.59,335.80K,2.35%
26-Nov-10,83.76,84.21,84.53,82.78,174.18K,-0.12%
24-Nov-10,83.86,80.99,84.25,80.97,324.51K,3.21%
23-Nov-10,81.25,81.61,82.1,80.28,351.86K,-0.60%
22-Nov-10,81.74,82.15,82.87,80.68,290.22K,0.28%
19-Nov-10,81.51,82.24,82.75,80.59,36.97K,-0.42%
18-Nov-10,81.85,80.45,82.35,80.44,160.41K,1.75%
17-Nov-10,80.44,82.44,82.67,80.06,334.53K,-2.31%
16-Nov-10,82.34,84.58,84.74,82.03,454.83K,-2.97%
15-Nov-10,84.86,84.87,85.77,84.48,315.26K,-0.02%
12-Nov-10,84.88,87.73,87.85,84.52,478.82K,-3.34%
11-Nov-10,87.81,87.85,88.63,87.54,343.01K,0.00%
10-Nov-10,87.81,86.45,88.21,86.1,472.84K,1.26%
9-Nov-10,86.72,86.75,87.63,85.48,368.00K,-0.39%
8-Nov-10,87.06,87.39,87.49,85.96,309.97K,0.24%
5-Nov-10,86.85,86.6,87.43,85.96,315.28K,0.42%
4-Nov-10,86.49,85.09,86.83,84.92,318.00K,2.13%
3-Nov-10,84.69,84.37,85.36,83.57,393.74K,0.94%
2-Nov-10,83.9,82.88,84.47,82.83,281.83K,1.15%
1-Nov-10,82.95,81.45,83.86,81.32,358.54K,1.87%
29-Oct-10,81.43,81.92,82.12,80.56,313.87K,-0.91%
28-Oct-10,82.18,81.99,82.64,81.5,296.75K,0.29%
27-Oct-10,81.94,82.48,82.69,80.52,375.25K,-0.74%
26-Oct-10,82.55,82.47,82.88,81.81,265.93K,0.04%
25-Oct-10,82.52,82.01,83.28,81.45,339.40K,1.02%
22-Oct-10,81.69,80.73,82.07,80.41,256.38K,1.40%
21-Oct-10,80.56,82.55,82.7,80.09,378.29K,-1.48%
20-Oct-10,81.77,79.48,82.03,79.35,40.71K,2.87%
19-Oct-10,79.49,82.95,83.21,79.25,151.36K,-4.32%
18-Oct-10,83.08,81.38,83.28,80.35,225.08K,2.25%
15-Oct-10,81.25,82.77,83.33,80.75,345.84K,-1.74%
14-Oct-10,82.69,83.23,84.12,82.21,340.96K,-0.39%
13-Oct-10,83.01,81.72,83.45,81.68,330.29K,1.64%
12-Oct-10,81.67,81.94,82.33,80.88,333.58K,-0.66%
11-Oct-10,82.21,82.95,83.5,81.82,234.32K,-0.54%
8-Oct-10,82.66,81.43,83.13,80.3,414.08K,1.21%
7-Oct-10,81.67,83.27,84.43,81,450.95K,-1.87%
6-Oct-10,83.23,82.6,84.09,82.29,349.17K,0.50%
5-Oct-10,82.82,81.37,82.99,81.15,336.83K,1.66%
4-Oct-10,81.47,81.68,82.38,80.77,313.31K,-0.13%
1-Oct-10,81.58,79.84,81.75,79.7,359.94K,2.01%
30-Sep-10,79.97,77.91,80.18,77.55,418.63K,2.71%
29-Sep-10,77.86,76.2,78.13,75.6,388.99K,2.21%
28-Sep-10,76.18,76.23,77.12,75.53,329.35K,-0.44%
27-Sep-10,76.52,76.47,77.17,75.52,289.64K,0.04%
24-Sep-10,76.49,74.95,76.68,74.66,288.50K,1.74%
23-Sep-10,75.18,74.84,75.61,73.58,295.90K,0.63%
22-Sep-10,74.71,74.79,76,73.84,343.85K,1.62%
21-Sep-10,73.52,74.57,74.6,72.81,34.58K,-1.79%
20-Sep-10,74.86,73.59,75.45,73.32,132.43K,1.63%
17-Sep-10,73.66,74.47,75.25,72.75,195.83K,-1.22%
16-Sep-10,74.57,75.76,75.99,74.11,289.28K,-1.91%
15-Sep-10,76.02,76.64,76.65,74.66,356.33K,-1.02%
14-Sep-10,76.8,77.17,77.99,76.21,416.11K,-0.51%
13-Sep-10,77.19,76.36,78.04,76.36,349.16K,0.97%
10-Sep-10,76.45,74.4,76.73,74.37,431.37K,2.96%
9-Sep-10,74.25,74.92,75.96,73.88,372.88K,-0.56%
8-Sep-10,74.67,73.91,75.39,73.37,359.76K,0.78%
7-Sep-10,74.09,74.3,74.63,72.63,406.64K,-0.68%
3-Sep-10,74.6,74.93,75.44,73.2,379.30K,-0.56%
2-Sep-10,75.02,73.91,75.14,73.11,340.17K,1.50%
1-Sep-10,73.91,71.7,74.48,71.67,396.61K,2.77%
31-Aug-10,71.92,74.07,74.73,71.53,469.41K,-3.72%
30-Aug-10,74.7,75.5,75.58,74.01,260.67K,-0.63%
27-Aug-10,75.17,73.18,75.59,72.04,477.90K,2.47%
26-Aug-10,73.36,72.82,73.98,72.54,362.83K,1.16%
25-Aug-10,72.52,71.47,72.97,70.76,343.41K,1.24%
24-Aug-10,71.63,72.95,73.05,71.32,340.99K,-2.01%
23-Aug-10,73.1,73.9,74.48,72.75,252.44K,-0.49%
20-Aug-10,73.46,74.45,74.6,73.19,33.38K,-1.30%
19-Aug-10,74.43,75.27,76.1,73.96,123.22K,-1.31%
18-Aug-10,75.42,75.45,75.74,73.83,247.10K,-0.46%
17-Aug-10,75.77,75.06,76.63,75.01,347.43K,0.70%
16-Aug-10,75.24,75.6,75.95,74.86,237.46K,-0.20%
13-Aug-10,75.39,75.75,76.74,75.01,286.13K,-0.46%
12-Aug-10,75.74,77.31,77.97,75.52,430.79K,-2.92%
11-Aug-10,78.02,80.22,80.44,77.25,416.89K,-2.78%
10-Aug-10,80.25,81.44,81.62,79.2,385.85K,-1.51%
9-Aug-10,81.48,80.91,81.76,80.71,267.08K,0.97%
6-Aug-10,80.7,82.12,82.67,80.04,397.53K,-1.60%
5-Aug-10,82.01,82.44,82.48,81.56,234.81K,-0.56%
4-Aug-10,82.47,82.42,82.97,81.62,293.32K,-0.10%
3-Aug-10,82.55,81.41,82.64,81.11,290.98K,1.49%
2-Aug-10,81.34,78.95,81.77,78.83,306.10K,3.03%
30-Jul-10,78.95,78.25,79.05,76.83,294.43K,0.75%
29-Jul-10,78.36,76.89,78.89,76.45,350.58K,1.78%
28-Jul-10,76.99,77.08,77.74,75.9,314.17K,-0.66%
27-Jul-10,77.5,78.92,79.69,76.79,377.84K,-1.87%
26-Jul-10,78.98,78.98,79.33,78.06,227.66K,0.00%
23-Jul-10,78.98,79.27,79.6,78.4,259.74K,-0.40%
22-Jul-10,79.3,76.43,79.42,76.16,358.82K,3.58%
21-Jul-10,76.56,77.85,78.57,76.2,322.41K,-1.14%
20-Jul-10,77.44,76.4,77.57,75.65,34.22K,1.18%
19-Jul-10,76.54,75.72,77.69,75.5,169.55K,0.70%
16-Jul-10,76.01,76.82,77.15,75.25,225.25K,-0.80%
15-Jul-10,76.62,76.76,77.66,75.33,366.02K,-0.55%
14-Jul-10,77.04,77.13,78.15,76.38,364.47K,-0.14%
13-Jul-10,77.15,75.06,77.37,74.25,361.79K,2.94%
12-Jul-10,74.95,76.3,76.43,74.52,309.17K,-1.50%
9-Jul-10,76.09,75.85,76.48,75,269.89K,0.86%
8-Jul-10,75.44,74.85,76,74.38,325.81K,1.85%
7-Jul-10,74.07,72.07,74.92,71.44,288.66K,2.90%
6-Jul-10,71.98,72.06,73.86,71.09,325.73K,-0.22%
2-Jul-10,72.14,72.67,73.38,71.62,256.17K,-1.11%
1-Jul-10,72.95,75.37,75.4,72.05,405.08K,-3.54%
30-Jun-10,75.63,75.46,76.83,74.39,357.75K,-0.41%
29-Jun-10,75.94,78.15,78.32,75.21,323.27K,-2.95%
28-Jun-10,78.25,79,79.38,77.72,223.31K,-0.77%
25-Jun-10,78.86,76.56,79.19,75.9,316.46K,3.07%
24-Jun-10,76.51,76,76.57,75.32,260.40K,0.21%
23-Jun-10,76.35,77.52,77.83,75.17,365.04K,-1.11%
22-Jun-10,77.21,77.35,78.1,76.53,27.34K,-0.78%
21-Jun-10,77.82,77.5,78.92,76.88,124.29K,0.83%
18-Jun-10,77.18,76.55,77.45,75.56,157.43K,0.51%
17-Jun-10,76.79,77.45,77.79,76.17,303.28K,-1.13%
16-Jun-10,77.67,77.06,78.13,76.06,323.36K,0.95%
15-Jun-10,76.94,74.77,77.16,74.62,308.29K,2.42%
14-Jun-10,75.12,74.06,75.99,74.04,321.67K,1.82%
11-Jun-10,73.78,75.52,75.64,73.26,421.74K,-2.25%
10-Jun-10,75.48,73.87,76.3,73.72,430.04K,1.48%
9-Jun-10,74.38,72.51,74.96,72.03,436.98K,3.32%
8-Jun-10,71.99,71.16,72.6,70.75,421.97K,0.77%
7-Jun-10,71.44,70.35,72.49,69.51,417.31K,-0.10%
4-Jun-10,71.51,74.61,75.42,70.73,448.49K,-4.15%
3-Jun-10,74.61,73.7,74.95,72.32,439.43K,2.40%
2-Jun-10,72.86,71.94,73.93,71.68,391.03K,0.39%
1-Jun-10,72.58,73.97,75.33,71.64,438.59K,-1.88%
28-May-10,73.97,74.9,75.72,73.13,420.67K,-0.78%
27-May-10,74.55,70.74,74.95,70.67,401.81K,4.25%
26-May-10,71.51,70.06,71.7,69.21,405.52K,4.01%
25-May-10,68.75,69.9,70.04,67.15,395.40K,-2.08%
24-May-10,70.21,70.62,70.96,69.57,279.82K,0.24%
21-May-10,70.04,69.52,71.23,69,449.43K,2.98%
20-May-10,68.01,71.2,71.29,64.24,33.22K,-2.66%
19-May-10,69.87,69.11,71.43,67.9,129.17K,0.66%
18-May-10,69.41,70.5,72.52,68.91,206.38K,-0.96%
17-May-10,70.08,71.79,72.25,69.27,355.83K,-2.14%
14-May-10,71.61,73.99,74.13,70.83,373.98K,-3.75%
13-May-10,74.4,75.47,76.45,73.62,532.33K,-1.65%
12-May-10,75.65,75.89,77,74.75,475.85K,-0.94%
11-May-10,76.37,77.26,77.68,75.36,441.54K,-0.56%
10-May-10,76.8,76.11,78.51,75.8,447.16K,2.25%
7-May-10,75.11,76.95,78.19,74.51,601.53K,-2.59%
6-May-10,77.11,79.63,80.39,74.58,605.01K,-3.58%
5-May-10,79.97,82.13,82.83,79.15,512.29K,-3.35%
4-May-10,82.74,86.09,86.24,82.05,497.43K,-4.00%
3-May-10,86.19,86.2,87.15,85.83,324.73K,0.05%
30-Apr-10,86.15,85.58,86.5,85.16,392.14K,1.15%
29-Apr-10,85.17,83.33,85.63,83.01,393.69K,2.34%
28-Apr-10,83.22,81.84,83.44,81.29,400.70K,0.95%
27-Apr-10,82.44,83.89,84.33,81.7,462.84K,-2.09%
26-Apr-10,84.2,85.22,85.63,83.73,337.12K,-1.08%
23-Apr-10,85.12,83.75,85.19,82.92,322.55K,1.70%
22-Apr-10,83.7,83.47,84.07,81.73,433.95K,0.02%
21-Apr-10,83.68,84.03,84.64,82.92,428.24K,0.28%
20-Apr-10,83.45,81.69,83.65,81.51,33.43K,2.46%
19-Apr-10,81.45,82.92,83,80.53,122.83K,-2.15%
16-Apr-10,83.24,85.35,85.44,82.52,268.76K,-2.65%
15-Apr-10,85.51,85.91,86.27,85.27,274.10K,-0.38%
14-Apr-10,85.84,83.82,86.39,83.71,425.17K,2.13%
13-Apr-10,84.05,84.36,84.42,82.51,552.30K,-0.34%
12-Apr-10,84.34,85.17,85.71,84.08,421.90K,-0.68%
9-Apr-10,84.92,85.56,86.37,84.12,442.94K,-0.55%
8-Apr-10,85.39,85.64,85.88,84.38,389.60K,-0.57%
7-Apr-10,85.88,86.76,87,85.52,379.53K,-1.11%
6-Apr-10,86.84,86.74,87.09,86.13,290.48K,0.25%
5-Apr-10,86.62,85.31,86.9,85.06,244.11K,2.06%
1-Apr-10,84.87,83.36,85.37,83.21,234.24K,1.33%
31-Mar-10,83.76,82.5,83.85,82.22,371.96K,1.69%
30-Mar-10,82.37,82.5,82.74,81.77,244.44K,0.24%
29-Mar-10,82.17,80.24,82.78,80.18,311.04K,2.71%
26-Mar-10,80,80.13,81.46,79.54,324.61K,-0.66%
25-Mar-10,80.53,80.25,81.48,80.1,296.27K,-0.10%
24-Mar-10,80.61,81.58,81.64,79.88,307.76K,-1.59%
23-Mar-10,81.91,81.81,82.2,80.85,261.87K,0.81%
22-Mar-10,81.25,80.93,81.49,78.57,32.68K,0.71%
19-Mar-10,80.68,82.17,82.17,79.86,150.68K,-1.85%
18-Mar-10,82.2,82.85,82.85,81.68,208.34K,-0.88%
17-Mar-10,82.93,82.05,83.09,81.72,275.21K,1.51%
16-Mar-10,81.7,79.84,82.1,79.32,290.18K,2.38%
15-Mar-10,79.8,81.13,81.31,79.13,283.14K,-1.77%
12-Mar-10,81.24,82.2,83.16,80.57,337.20K,-1.06%
11-Mar-10,82.11,81.98,82.38,81.33,279.16K,0.02%
10-Mar-10,82.09,81.38,83.03,80.81,430.15K,0.74%
9-Mar-10,81.49,81.75,81.91,80.16,332.13K,-0.46%
8-Mar-10,81.87,81.79,82.41,80.75,295.35K,0.45%
5-Mar-10,81.5,80.58,82.07,80.47,299.63K,1.61%
4-Mar-10,80.21,81.01,81.09,79.7,278.89K,-0.82%
3-Mar-10,80.87,79.64,81.23,79.44,306.91K,1.49%
2-Mar-10,79.68,78.88,80.95,78.26,301.70K,1.25%
1-Mar-10,78.7,79.84,80.62,78.06,298.72K,-1.21%
26-Feb-10,79.66,78.33,80.05,77.82,319.04K,1.91%
25-Feb-10,78.17,80.31,80.32,77.05,346.03K,-2.29%
24-Feb-10,80,79.13,80.45,78.25,289.32K,1.45%
23-Feb-10,78.86,80.03,80.39,78.22,316.88K,-1.62%
22-Feb-10,80.16,80.1,80.51,79.45,34.94K,0.44%
19-Feb-10,79.81,78.37,80.1,77.76,183.23K,0.95%
18-Feb-10,79.06,77.29,79.29,76.32,274.17K,2.24%
17-Feb-10,77.33,77.32,77.82,76.53,283.82K,0.42%
16-Feb-10,77.01,74.02,77.42,73.71,365.03K,3.89%
12-Feb-10,74.13,75.3,75.35,72.66,335.81K,-1.53%
11-Feb-10,75.28,74.65,75.69,73.38,464.44K,1.02%
10-Feb-10,74.52,73.79,74.97,72.6,422.06K,1.04%
9-Feb-10,73.75,71.68,74.15,71.32,429.85K,2.59%
8-Feb-10,71.89,72.18,72.39,70.77,345.64K,0.98%
5-Feb-10,71.19,73.04,73.94,69.5,596.14K,-2.67%
4-Feb-10,73.14,77.09,77.17,72.42,523.89K,-4.99%
3-Feb-10,76.98,76.99,78.04,76.52,391.29K,-0.32%
2-Feb-10,77.23,74.94,77.41,74.4,366.27K,3.76%
1-Feb-10,74.43,72.84,74.99,72.49,277.41K,2.11%
29-Jan-10,72.89,73.89,74.82,72.43,335.27K,-1.02%
28-Jan-10,73.64,73.75,74.49,72.93,292.91K,-0.04%
27-Jan-10,73.67,74.69,75.09,72.65,356.18K,-1.39%
26-Jan-10,74.71,75.28,75.39,73.82,256.21K,-0.73%
25-Jan-10,75.26,74.24,75.42,74.06,280.56K,0.97%
22-Jan-10,74.54,75.84,76.5,74.01,348.82K,-2.02%
21-Jan-10,76.08,77.56,78.36,75.66,327.42K,-1.98%
20-Jan-10,77.62,78.88,79.03,76.96,40.68K,-1.77%
19-Jan-10,79.02,77.85,79.15,76.76,186.88K,1.31%
15-Jan-10,78,79.2,79.31,77.7,200.56K,-1.75%
14-Jan-10,79.39,79.63,80.36,78.92,275.40K,-0.33%
13-Jan-10,79.65,80.06,80.67,78.37,401.63K,-1.41%
12-Jan-10,80.79,82.07,82.34,79.91,333.87K,-2.10%
11-Jan-10,82.52,82.88,83.95,81.96,296.30K,-0.28%
8-Jan-10,82.75,82.65,83.47,81.8,310.38K,0.11%
7-Jan-10,82.66,83.2,83.36,82.26,246.63K,-0.63%
6-Jan-10,83.18,81.43,83.52,80.85,370.06K,1.72%
5-Jan-10,81.77,81.63,82,80.95,258.89K,0.32%
